<metadata xml:lang="en"><Esri><CreaDate>20121009</CreaDate><CreaTime>15292800</CreaTime><ArcGISFormat>1.0</ArcGISFormat><SyncOnce>FALSE</SyncOnce><DataProperties><lineage><Process ToolSource="c:\program files (x86)\arcgis\desktop10.1\ArcToolbox\Toolboxes\Data Management Tools.tbx\CalculateField" Date="20120912" Time="095628">CalculateField SouthAtlanticGulf_joined_MMLMWADC MapSymbology function() PYTHON_9.3 "def function():\n  import random\n  rn = random.randrange(1, 11)\n  return rn\n\n"</Process><Process ToolSource="c:\program files (x86)\arcgis\desktop10.1\ArcToolbox\Toolboxes\Data Management Tools.tbx\CopyFeatures" Date="20121003" Time="181531">CopyFeatures muLayer D:\MMPKS_1oct2012\SouthAtlanticGulf_Output\ApalacheeBayStMarks_03120001.gdb\Mapunits # 0 0 0</Process><Process ToolSource="c:\program files (x86)\arcgis\desktop10.1\ArcToolbox\Toolboxes\Data Management Tools.tbx\AddIndex" Date="20121003" Time="181533">AddIndex D:\MMPKS_1oct2012\SouthAtlanticGulf_Output\ApalacheeBayStMarks_03120001.gdb\Mapunits AREASYMBOL AREASYMBOL NON_UNIQUE NON_ASCENDING</Process><Process ToolSource="c:\program files (x86)\arcgis\desktop10.1\ArcToolbox\Toolboxes\Data Management Tools.tbx\AddIndex" Date="20121003" Time="181534">AddIndex D:\MMPKS_1oct2012\SouthAtlanticGulf_Output\ApalacheeBayStMarks_03120001.gdb\Mapunits SPATIALVERSION SPATIALVERSION NON_UNIQUE NON_ASCENDING</Process><Process ToolSource="c:\program files (x86)\arcgis\desktop10.1\ArcToolbox\Toolboxes\Data Management Tools.tbx\AddIndex" Date="20121003" Time="181534">AddIndex D:\MMPKS_1oct2012\SouthAtlanticGulf_Output\ApalacheeBayStMarks_03120001.gdb\Mapunits MUSYM MUSYM NON_UNIQUE NON_ASCENDING</Process><Process ToolSource="c:\program files (x86)\arcgis\desktop10.1\ArcToolbox\Toolboxes\Data Management Tools.tbx\AddIndex" Date="20121003" Time="181535">AddIndex D:\MMPKS_1oct2012\SouthAtlanticGulf_Output\ApalacheeBayStMarks_03120001.gdb\Mapunits MUKEY MUKEY NON_UNIQUE NON_ASCENDING</Process><Process ToolSource="c:\program files (x86)\arcgis\desktop10.1\ArcToolbox\Toolboxes\Data Management Tools.tbx\AddIndex" Date="20121003" Time="181536">AddIndex D:\MMPKS_1oct2012\SouthAtlanticGulf_Output\ApalacheeBayStMarks_03120001.gdb\Mapunits NationalMuSym NationalMuSym NON_UNIQUE NON_ASCENDING</Process><Process ToolSource="c:\program files (x86)\arcgis\desktop10.1\ArcToolbox\Toolboxes\Data Management Tools.tbx\AddIndex" Date="20121003" Time="181537">AddIndex D:\MMPKS_1oct2012\SouthAtlanticGulf_Output\ApalacheeBayStMarks_03120001.gdb\Mapunits muname muname NON_UNIQUE NON_ASCENDING</Process><Process ToolSource="c:\program files (x86)\arcgis\desktop10.1\ArcToolbox\Toolboxes\Data Management Tools.tbx\AddIndex" Date="20121003" Time="181537">AddIndex D:\MMPKS_1oct2012\SouthAtlanticGulf_Output\ApalacheeBayStMarks_03120001.gdb\Mapunits mukind mukind NON_UNIQUE NON_ASCENDING</Process><Process ToolSource="c:\program files (x86)\arcgis\desktop10.1\ArcToolbox\Toolboxes\Data Management Tools.tbx\AddIndex" Date="20121003" Time="181538">AddIndex D:\MMPKS_1oct2012\SouthAtlanticGulf_Output\ApalacheeBayStMarks_03120001.gdb\Mapunits farmlndcl farmlndcl NON_UNIQUE NON_ASCENDING</Process><Process ToolSource="c:\program files (x86)\arcgis\desktop10.1\ArcToolbox\Toolboxes\Data Management Tools.tbx\AddIndex" Date="20121003" Time="181539">AddIndex D:\MMPKS_1oct2012\SouthAtlanticGulf_Output\ApalacheeBayStMarks_03120001.gdb\Mapunits muhelcl muhelcl NON_UNIQUE NON_ASCENDING</Process><Process ToolSource="c:\program files (x86)\arcgis\desktop10.1\ArcToolbox\Toolboxes\Data Management Tools.tbx\AddIndex" Date="20121003" Time="181540">AddIndex D:\MMPKS_1oct2012\SouthAtlanticGulf_Output\ApalacheeBayStMarks_03120001.gdb\Mapunits muwathelcl muwathelcl NON_UNIQUE NON_ASCENDING</Process><Process ToolSource="c:\program files (x86)\arcgis\desktop10.1\ArcToolbox\Toolboxes\Data Management Tools.tbx\AddIndex" Date="20121003" Time="181540">AddIndex D:\MMPKS_1oct2012\SouthAtlanticGulf_Output\ApalacheeBayStMarks_03120001.gdb\Mapunits muwndhelcl muwndhelcl NON_UNIQUE NON_ASCENDING</Process><Process ToolSource="c:\program files (x86)\arcgis\desktop10.1\ArcToolbox\Toolboxes\Data Management Tools.tbx\AddIndex" Date="20121003" Time="181541">AddIndex D:\MMPKS_1oct2012\SouthAtlanticGulf_Output\ApalacheeBayStMarks_03120001.gdb\Mapunits interpfocus interpfocus NON_UNIQUE NON_ASCENDING</Process><Process ToolSource="c:\program files (x86)\arcgis\desktop10.1\ArcToolbox\Toolboxes\Data Management Tools.tbx\AddIndex" Date="20121003" Time="181542">AddIndex D:\MMPKS_1oct2012\SouthAtlanticGulf_Output\ApalacheeBayStMarks_03120001.gdb\Mapunits invesintens invesintens NON_UNIQUE NON_ASCENDING</Process><Process ToolSource="c:\program files (x86)\arcgis\desktop10.1\ArcToolbox\Toolboxes\Data Management Tools.tbx\AddIndex" Date="20121003" Time="181542">AddIndex D:\MMPKS_1oct2012\SouthAtlanticGulf_Output\ApalacheeBayStMarks_03120001.gdb\Mapunits lkey lkey NON_UNIQUE NON_ASCENDING</Process><Process ToolSource="c:\program files (x86)\arcgis\desktop10.1\ArcToolbox\Toolboxes\Data Management Tools.tbx\AddIndex" Date="20121003" Time="181543">AddIndex D:\MMPKS_1oct2012\SouthAtlanticGulf_Output\ApalacheeBayStMarks_03120001.gdb\Mapunits museq museq NON_UNIQUE NON_ASCENDING</Process><Process ToolSource="c:\program files (x86)\arcgis\desktop10.1\ArcToolbox\Toolboxes\Data Management Tools.tbx\AddIndex" Date="20121003" Time="181544">AddIndex D:\MMPKS_1oct2012\SouthAtlanticGulf_Output\ApalacheeBayStMarks_03120001.gdb\Mapunits iacornsr iacornsr NON_UNIQUE NON_ASCENDING</Process><Process ToolSource="c:\program files (x86)\arcgis\desktop10.1\ArcToolbox\Toolboxes\Data Management Tools.tbx\AddIndex" Date="20121003" Time="181544">AddIndex D:\MMPKS_1oct2012\SouthAtlanticGulf_Output\ApalacheeBayStMarks_03120001.gdb\Mapunits projectscale projectscale NON_UNIQUE NON_ASCENDING</Process><Process ToolSource="c:\program files (x86)\arcgis\desktop10.1\ArcToolbox\Toolboxes\Data Management Tools.tbx\AddIndex" Date="20121003" Time="181545">AddIndex D:\MMPKS_1oct2012\SouthAtlanticGulf_Output\ApalacheeBayStMarks_03120001.gdb\Mapunits tabularversion tabularversion NON_UNIQUE NON_ASCENDING</Process><Process ToolSource="c:\program files (x86)\arcgis\desktop10.1\ArcToolbox\Toolboxes\Data Management Tools.tbx\AddIndex" Date="20121003" Time="181546">AddIndex D:\MMPKS_1oct2012\SouthAtlanticGulf_Output\ApalacheeBayStMarks_03120001.gdb\Mapunits slopegraddcp slopegraddcp NON_UNIQUE NON_ASCENDING</Process><Process ToolSource="c:\program files (x86)\arcgis\desktop10.1\ArcToolbox\Toolboxes\Data Management Tools.tbx\AddIndex" Date="20121003" Time="181547">AddIndex D:\MMPKS_1oct2012\SouthAtlanticGulf_Output\ApalacheeBayStMarks_03120001.gdb\Mapunits slopegradwta slopegradwta NON_UNIQUE NON_ASCENDING</Process><Process ToolSource="c:\program files (x86)\arcgis\desktop10.1\ArcToolbox\Toolboxes\Data Management Tools.tbx\AddIndex" Date="20121003" Time="181547">AddIndex D:\MMPKS_1oct2012\SouthAtlanticGulf_Output\ApalacheeBayStMarks_03120001.gdb\Mapunits brockdepmin brockdepmin NON_UNIQUE NON_ASCENDING</Process><Process ToolSource="c:\program files (x86)\arcgis\desktop10.1\ArcToolbox\Toolboxes\Data Management Tools.tbx\AddIndex" Date="20121003" Time="181548">AddIndex D:\MMPKS_1oct2012\SouthAtlanticGulf_Output\ApalacheeBayStMarks_03120001.gdb\Mapunits wtdepannmin wtdepannmin NON_UNIQUE NON_ASCENDING</Process><Process ToolSource="c:\program files (x86)\arcgis\desktop10.1\ArcToolbox\Toolboxes\Data Management Tools.tbx\AddIndex" Date="20121003" Time="181549">AddIndex D:\MMPKS_1oct2012\SouthAtlanticGulf_Output\ApalacheeBayStMarks_03120001.gdb\Mapunits wtdepaprjunmin wtdepaprjunmin NON_UNIQUE NON_ASCENDING</Process><Process ToolSource="c:\program files (x86)\arcgis\desktop10.1\ArcToolbox\Toolboxes\Data Management Tools.tbx\AddIndex" Date="20121003" Time="181550">AddIndex D:\MMPKS_1oct2012\SouthAtlanticGulf_Output\ApalacheeBayStMarks_03120001.gdb\Mapunits flodfreqdcd flodfreqdcd NON_UNIQUE NON_ASCENDING</Process><Process ToolSource="c:\program files (x86)\arcgis\desktop10.1\ArcToolbox\Toolboxes\Data Management Tools.tbx\AddIndex" Date="20121003" Time="181550">AddIndex D:\MMPKS_1oct2012\SouthAtlanticGulf_Output\ApalacheeBayStMarks_03120001.gdb\Mapunits flodfreqmax flodfreqmax NON_UNIQUE NON_ASCENDING</Process><Process ToolSource="c:\program files (x86)\arcgis\desktop10.1\ArcToolbox\Toolboxes\Data Management Tools.tbx\AddIndex" Date="20121003" Time="181551">AddIndex D:\MMPKS_1oct2012\SouthAtlanticGulf_Output\ApalacheeBayStMarks_03120001.gdb\Mapunits pondfreqprs pondfreqprs NON_UNIQUE NON_ASCENDING</Process><Process ToolSource="c:\program files (x86)\arcgis\desktop10.1\ArcToolbox\Toolboxes\Data Management Tools.tbx\AddIndex" Date="20121003" Time="181552">AddIndex D:\MMPKS_1oct2012\SouthAtlanticGulf_Output\ApalacheeBayStMarks_03120001.gdb\Mapunits aws025wta aws025wta NON_UNIQUE NON_ASCENDING</Process><Process ToolSource="c:\program files (x86)\arcgis\desktop10.1\ArcToolbox\Toolboxes\Data Management Tools.tbx\AddIndex" Date="20121003" Time="181553">AddIndex D:\MMPKS_1oct2012\SouthAtlanticGulf_Output\ApalacheeBayStMarks_03120001.gdb\Mapunits aws050wta aws050wta NON_UNIQUE NON_ASCENDING</Process><Process ToolSource="c:\program files (x86)\arcgis\desktop10.1\ArcToolbox\Toolboxes\Data Management Tools.tbx\AddIndex" Date="20121003" Time="181553">AddIndex D:\MMPKS_1oct2012\SouthAtlanticGulf_Output\ApalacheeBayStMarks_03120001.gdb\Mapunits aws0100wta aws0100wta NON_UNIQUE NON_ASCENDING</Process><Process ToolSource="c:\program files (x86)\arcgis\desktop10.1\ArcToolbox\Toolboxes\Data Management Tools.tbx\AddIndex" Date="20121003" Time="181554">AddIndex D:\MMPKS_1oct2012\SouthAtlanticGulf_Output\ApalacheeBayStMarks_03120001.gdb\Mapunits aws0150wta aws0150wta NON_UNIQUE NON_ASCENDING</Process><Process ToolSource="c:\program files (x86)\arcgis\desktop10.1\ArcToolbox\Toolboxes\Data Management Tools.tbx\AddIndex" Date="20121003" Time="181555">AddIndex D:\MMPKS_1oct2012\SouthAtlanticGulf_Output\ApalacheeBayStMarks_03120001.gdb\Mapunits drclassdcd drclassdcd NON_UNIQUE NON_ASCENDING</Process><Process ToolSource="c:\program files (x86)\arcgis\desktop10.1\ArcToolbox\Toolboxes\Data Management Tools.tbx\AddIndex" Date="20121003" Time="181556">AddIndex D:\MMPKS_1oct2012\SouthAtlanticGulf_Output\ApalacheeBayStMarks_03120001.gdb\Mapunits drclasswettest drclasswettest NON_UNIQUE NON_ASCENDING</Process><Process ToolSource="c:\program files (x86)\arcgis\desktop10.1\ArcToolbox\Toolboxes\Data Management Tools.tbx\AddIndex" Date="20121003" Time="181556">AddIndex D:\MMPKS_1oct2012\SouthAtlanticGulf_Output\ApalacheeBayStMarks_03120001.gdb\Mapunits hydgrpdcd hydgrpdcd NON_UNIQUE NON_ASCENDING</Process><Process ToolSource="c:\program files (x86)\arcgis\desktop10.1\ArcToolbox\Toolboxes\Data Management Tools.tbx\AddIndex" Date="20121003" Time="181557">AddIndex D:\MMPKS_1oct2012\SouthAtlanticGulf_Output\ApalacheeBayStMarks_03120001.gdb\Mapunits iccdcd iccdcd NON_UNIQUE NON_ASCENDING</Process><Process ToolSource="c:\program files (x86)\arcgis\desktop10.1\ArcToolbox\Toolboxes\Data Management Tools.tbx\AddIndex" Date="20121003" Time="181558">AddIndex D:\MMPKS_1oct2012\SouthAtlanticGulf_Output\ApalacheeBayStMarks_03120001.gdb\Mapunits iccdcdpct iccdcdpct NON_UNIQUE NON_ASCENDING</Process><Process ToolSource="c:\program files (x86)\arcgis\desktop10.1\ArcToolbox\Toolboxes\Data Management Tools.tbx\AddIndex" Date="20121003" Time="181558">AddIndex D:\MMPKS_1oct2012\SouthAtlanticGulf_Output\ApalacheeBayStMarks_03120001.gdb\Mapunits niccdcd niccdcd NON_UNIQUE NON_ASCENDING</Process><Process ToolSource="c:\program files (x86)\arcgis\desktop10.1\ArcToolbox\Toolboxes\Data Management Tools.tbx\AddIndex" Date="20121003" Time="181559">AddIndex D:\MMPKS_1oct2012\SouthAtlanticGulf_Output\ApalacheeBayStMarks_03120001.gdb\Mapunits niccdcdpct niccdcdpct NON_UNIQUE NON_ASCENDING</Process><Process ToolSource="c:\program files (x86)\arcgis\desktop10.1\ArcToolbox\Toolboxes\Data Management Tools.tbx\AddIndex" Date="20121003" Time="181600">AddIndex D:\MMPKS_1oct2012\SouthAtlanticGulf_Output\ApalacheeBayStMarks_03120001.gdb\Mapunits engdwobdcd engdwobdcd NON_UNIQUE NON_ASCENDING</Process><Process ToolSource="c:\program files (x86)\arcgis\desktop10.1\ArcToolbox\Toolboxes\Data Management Tools.tbx\AddIndex" Date="20121003" Time="181601">AddIndex D:\MMPKS_1oct2012\SouthAtlanticGulf_Output\ApalacheeBayStMarks_03120001.gdb\Mapunits engdwbdcd engdwbdcd NON_UNIQUE NON_ASCENDING</Process><Process ToolSource="c:\program files (x86)\arcgis\desktop10.1\ArcToolbox\Toolboxes\Data Management Tools.tbx\AddIndex" Date="20121003" Time="181602">AddIndex D:\MMPKS_1oct2012\SouthAtlanticGulf_Output\ApalacheeBayStMarks_03120001.gdb\Mapunits engdwbll engdwbll NON_UNIQUE NON_ASCENDING</Process><Process ToolSource="c:\program files (x86)\arcgis\desktop10.1\ArcToolbox\Toolboxes\Data Management Tools.tbx\AddIndex" Date="20121003" Time="181602">AddIndex D:\MMPKS_1oct2012\SouthAtlanticGulf_Output\ApalacheeBayStMarks_03120001.gdb\Mapunits engdwbml engdwbml NON_UNIQUE NON_ASCENDING</Process><Process ToolSource="c:\program files (x86)\arcgis\desktop10.1\ArcToolbox\Toolboxes\Data Management Tools.tbx\AddIndex" Date="20121003" Time="181603">AddIndex D:\MMPKS_1oct2012\SouthAtlanticGulf_Output\ApalacheeBayStMarks_03120001.gdb\Mapunits engstafdcd engstafdcd NON_UNIQUE NON_ASCENDING</Process><Process ToolSource="c:\program files (x86)\arcgis\desktop10.1\ArcToolbox\Toolboxes\Data Management Tools.tbx\AddIndex" Date="20121003" Time="181604">AddIndex D:\MMPKS_1oct2012\SouthAtlanticGulf_Output\ApalacheeBayStMarks_03120001.gdb\Mapunits engstafll engstafll NON_UNIQUE NON_ASCENDING</Process><Process ToolSource="c:\program files (x86)\arcgis\desktop10.1\ArcToolbox\Toolboxes\Data Management Tools.tbx\AddIndex" Date="20121003" Time="181604">AddIndex D:\MMPKS_1oct2012\SouthAtlanticGulf_Output\ApalacheeBayStMarks_03120001.gdb\Mapunits engstafml engstafml NON_UNIQUE NON_ASCENDING</Process><Process ToolSource="c:\program files (x86)\arcgis\desktop10.1\ArcToolbox\Toolboxes\Data Management Tools.tbx\AddIndex" Date="20121003" Time="181605">AddIndex D:\MMPKS_1oct2012\SouthAtlanticGulf_Output\ApalacheeBayStMarks_03120001.gdb\Mapunits engsldcd engsldcd NON_UNIQUE NON_ASCENDING</Process><Process ToolSource="c:\program files (x86)\arcgis\desktop10.1\ArcToolbox\Toolboxes\Data Management Tools.tbx\AddIndex" Date="20121003" Time="181606">AddIndex D:\MMPKS_1oct2012\SouthAtlanticGulf_Output\ApalacheeBayStMarks_03120001.gdb\Mapunits engsldcp engsldcp NON_UNIQUE NON_ASCENDING</Process><Process ToolSource="c:\program files (x86)\arcgis\desktop10.1\ArcToolbox\Toolboxes\Data Management Tools.tbx\AddIndex" Date="20121003" Time="181607">AddIndex D:\MMPKS_1oct2012\SouthAtlanticGulf_Output\ApalacheeBayStMarks_03120001.gdb\Mapunits englrsdcd englrsdcd NON_UNIQUE NON_ASCENDING</Process><Process ToolSource="c:\program files (x86)\arcgis\desktop10.1\ArcToolbox\Toolboxes\Data Management Tools.tbx\AddIndex" Date="20121003" Time="181607">AddIndex D:\MMPKS_1oct2012\SouthAtlanticGulf_Output\ApalacheeBayStMarks_03120001.gdb\Mapunits engcmssdcd engcmssdcd NON_UNIQUE NON_ASCENDING</Process><Process ToolSource="c:\program files (x86)\arcgis\desktop10.1\ArcToolbox\Toolboxes\Data Management Tools.tbx\AddIndex" Date="20121003" Time="181608">AddIndex D:\MMPKS_1oct2012\SouthAtlanticGulf_Output\ApalacheeBayStMarks_03120001.gdb\Mapunits engcmssmp engcmssmp NON_UNIQUE NON_ASCENDING</Process><Process ToolSource="c:\program files (x86)\arcgis\desktop10.1\ArcToolbox\Toolboxes\Data Management Tools.tbx\AddIndex" Date="20121003" Time="181609">AddIndex D:\MMPKS_1oct2012\SouthAtlanticGulf_Output\ApalacheeBayStMarks_03120001.gdb\Mapunits urbrecptdcd urbrecptdcd NON_UNIQUE NON_ASCENDING</Process><Process ToolSource="c:\program files (x86)\arcgis\desktop10.1\ArcToolbox\Toolboxes\Data Management Tools.tbx\AddIndex" Date="20121003" Time="181610">AddIndex D:\MMPKS_1oct2012\SouthAtlanticGulf_Output\ApalacheeBayStMarks_03120001.gdb\Mapunits urbrecptwta urbrecptwta NON_UNIQUE NON_ASCENDING</Process><Process ToolSource="c:\program files (x86)\arcgis\desktop10.1\ArcToolbox\Toolboxes\Data Management Tools.tbx\AddIndex" Date="20121003" Time="181610">AddIndex D:\MMPKS_1oct2012\SouthAtlanticGulf_Output\ApalacheeBayStMarks_03120001.gdb\Mapunits forpehrtdcp forpehrtdcp NON_UNIQUE NON_ASCENDING</Process><Process ToolSource="c:\program files (x86)\arcgis\desktop10.1\ArcToolbox\Toolboxes\Data Management Tools.tbx\AddIndex" Date="20121003" Time="181611">AddIndex D:\MMPKS_1oct2012\SouthAtlanticGulf_Output\ApalacheeBayStMarks_03120001.gdb\Mapunits hydclprs hydclprs NON_UNIQUE NON_ASCENDING</Process><Process ToolSource="c:\program files (x86)\arcgis\desktop10.1\ArcToolbox\Toolboxes\Data Management Tools.tbx\AddIndex" Date="20121003" Time="181612">AddIndex D:\MMPKS_1oct2012\SouthAtlanticGulf_Output\ApalacheeBayStMarks_03120001.gdb\Mapunits awmmfpwwta awmmfpwwta NON_UNIQUE NON_ASCENDING</Process><Process ToolSource="c:\program files (x86)\arcgis\desktop10.1\ArcToolbox\Toolboxes\Data Management Tools.tbx\AddIndex" Date="20121003" Time="181613">AddIndex D:\MMPKS_1oct2012\SouthAtlanticGulf_Output\ApalacheeBayStMarks_03120001.gdb\Mapunits airtempa_h airtempa_h NON_UNIQUE NON_ASCENDING</Process><Process ToolSource="c:\program files (x86)\arcgis\desktop10.1\ArcToolbox\Toolboxes\Data Management Tools.tbx\AddIndex" Date="20121003" Time="181613">AddIndex D:\MMPKS_1oct2012\SouthAtlanticGulf_Output\ApalacheeBayStMarks_03120001.gdb\Mapunits airtempa_l airtempa_l NON_UNIQUE NON_ASCENDING</Process><Process ToolSource="c:\program files (x86)\arcgis\desktop10.1\ArcToolbox\Toolboxes\Data Management Tools.tbx\AddIndex" Date="20121003" Time="181614">AddIndex D:\MMPKS_1oct2012\SouthAtlanticGulf_Output\ApalacheeBayStMarks_03120001.gdb\Mapunits airtempa_r airtempa_r NON_UNIQUE NON_ASCENDING</Process><Process ToolSource="c:\program files (x86)\arcgis\desktop10.1\ArcToolbox\Toolboxes\Data Management Tools.tbx\AddIndex" Date="20121003" Time="181615">AddIndex D:\MMPKS_1oct2012\SouthAtlanticGulf_Output\ApalacheeBayStMarks_03120001.gdb\Mapunits albedo_h albedo_h NON_UNIQUE NON_ASCENDING</Process><Process ToolSource="c:\program files (x86)\arcgis\desktop10.1\ArcToolbox\Toolboxes\Data Management Tools.tbx\AddIndex" Date="20121003" Time="181616">AddIndex D:\MMPKS_1oct2012\SouthAtlanticGulf_Output\ApalacheeBayStMarks_03120001.gdb\Mapunits albedo_l albedo_l NON_UNIQUE NON_ASCENDING</Process><Process ToolSource="c:\program files (x86)\arcgis\desktop10.1\ArcToolbox\Toolboxes\Data Management Tools.tbx\AddIndex" Date="20121003" Time="181616">AddIndex D:\MMPKS_1oct2012\SouthAtlanticGulf_Output\ApalacheeBayStMarks_03120001.gdb\Mapunits albedo_r albedo_r NON_UNIQUE NON_ASCENDING</Process><Process ToolSource="c:\program files (x86)\arcgis\desktop10.1\ArcToolbox\Toolboxes\Data Management Tools.tbx\AddIndex" Date="20121003" Time="181617">AddIndex D:\MMPKS_1oct2012\SouthAtlanticGulf_Output\ApalacheeBayStMarks_03120001.gdb\Mapunits cropprodin cropprodin NON_UNIQUE NON_ASCENDING</Process><Process ToolSource="c:\program files (x86)\arcgis\desktop10.1\ArcToolbox\Toolboxes\Data Management Tools.tbx\AddIndex" Date="20121003" Time="181618">AddIndex D:\MMPKS_1oct2012\SouthAtlanticGulf_Output\ApalacheeBayStMarks_03120001.gdb\Mapunits elev_h elev_h NON_UNIQUE NON_ASCENDING</Process><Process ToolSource="c:\program files (x86)\arcgis\desktop10.1\ArcToolbox\Toolboxes\Data Management Tools.tbx\AddIndex" Date="20121003" Time="181618">AddIndex D:\MMPKS_1oct2012\SouthAtlanticGulf_Output\ApalacheeBayStMarks_03120001.gdb\Mapunits elev_l elev_l NON_UNIQUE NON_ASCENDING</Process><Process ToolSource="c:\program files (x86)\arcgis\desktop10.1\ArcToolbox\Toolboxes\Data Management Tools.tbx\AddIndex" Date="20121003" Time="181619">AddIndex D:\MMPKS_1oct2012\SouthAtlanticGulf_Output\ApalacheeBayStMarks_03120001.gdb\Mapunits elev_r elev_r NON_UNIQUE NON_ASCENDING</Process><Process ToolSource="c:\program files (x86)\arcgis\desktop10.1\ArcToolbox\Toolboxes\Data Management Tools.tbx\AddIndex" Date="20121003" Time="181620">AddIndex D:\MMPKS_1oct2012\SouthAtlanticGulf_Output\ApalacheeBayStMarks_03120001.gdb\Mapunits ffd_h ffd_h NON_UNIQUE NON_ASCENDING</Process><Process ToolSource="c:\program files (x86)\arcgis\desktop10.1\ArcToolbox\Toolboxes\Data Management Tools.tbx\AddIndex" Date="20121003" Time="181621">AddIndex D:\MMPKS_1oct2012\SouthAtlanticGulf_Output\ApalacheeBayStMarks_03120001.gdb\Mapunits ffd_l ffd_l NON_UNIQUE NON_ASCENDING</Process><Process ToolSource="c:\program files (x86)\arcgis\desktop10.1\ArcToolbox\Toolboxes\Data Management Tools.tbx\AddIndex" Date="20121003" Time="181621">AddIndex D:\MMPKS_1oct2012\SouthAtlanticGulf_Output\ApalacheeBayStMarks_03120001.gdb\Mapunits ffd_r ffd_r NON_UNIQUE NON_ASCENDING</Process><Process ToolSource="c:\program files (x86)\arcgis\desktop10.1\ArcToolbox\Toolboxes\Data Management Tools.tbx\AddIndex" Date="20121003" Time="181622">AddIndex D:\MMPKS_1oct2012\SouthAtlanticGulf_Output\ApalacheeBayStMarks_03120001.gdb\Mapunits initsub_h initsub_h NON_UNIQUE NON_ASCENDING</Process><Process ToolSource="c:\program files (x86)\arcgis\desktop10.1\ArcToolbox\Toolboxes\Data Management Tools.tbx\AddIndex" Date="20121003" Time="181623">AddIndex D:\MMPKS_1oct2012\SouthAtlanticGulf_Output\ApalacheeBayStMarks_03120001.gdb\Mapunits initsub_l initsub_l NON_UNIQUE NON_ASCENDING</Process><Process ToolSource="c:\program files (x86)\arcgis\desktop10.1\ArcToolbox\Toolboxes\Data Management Tools.tbx\AddIndex" Date="20121003" Time="181624">AddIndex D:\MMPKS_1oct2012\SouthAtlanticGulf_Output\ApalacheeBayStMarks_03120001.gdb\Mapunits initsub_r initsub_r NON_UNIQUE NON_ASCENDING</Process><Process ToolSource="c:\program files (x86)\arcgis\desktop10.1\ArcToolbox\Toolboxes\Data Management Tools.tbx\AddIndex" Date="20121003" Time="181624">AddIndex D:\MMPKS_1oct2012\SouthAtlanticGulf_Output\ApalacheeBayStMarks_03120001.gdb\Mapunits map_h map_h NON_UNIQUE NON_ASCENDING</Process><Process ToolSource="c:\program files (x86)\arcgis\desktop10.1\ArcToolbox\Toolboxes\Data Management Tools.tbx\AddIndex" Date="20121003" Time="181625">AddIndex D:\MMPKS_1oct2012\SouthAtlanticGulf_Output\ApalacheeBayStMarks_03120001.gdb\Mapunits map_l map_l NON_UNIQUE NON_ASCENDING</Process><Process ToolSource="c:\program files (x86)\arcgis\desktop10.1\ArcToolbox\Toolboxes\Data Management Tools.tbx\AddIndex" Date="20121003" Time="181626">AddIndex D:\MMPKS_1oct2012\SouthAtlanticGulf_Output\ApalacheeBayStMarks_03120001.gdb\Mapunits map_r map_r NON_UNIQUE NON_ASCENDING</Process><Process ToolSource="c:\program files (x86)\arcgis\desktop10.1\ArcToolbox\Toolboxes\Data Management Tools.tbx\AddIndex" Date="20121003" Time="181627">AddIndex D:\MMPKS_1oct2012\SouthAtlanticGulf_Output\ApalacheeBayStMarks_03120001.gdb\Mapunits rsprod_h rsprod_h NON_UNIQUE NON_ASCENDING</Process><Process ToolSource="c:\program files (x86)\arcgis\desktop10.1\ArcToolbox\Toolboxes\Data Management Tools.tbx\AddIndex" Date="20121003" Time="181627">AddIndex D:\MMPKS_1oct2012\SouthAtlanticGulf_Output\ApalacheeBayStMarks_03120001.gdb\Mapunits rsprod_l rsprod_l NON_UNIQUE NON_ASCENDING</Process><Process ToolSource="c:\program files (x86)\arcgis\desktop10.1\ArcToolbox\Toolboxes\Data Management Tools.tbx\AddIndex" Date="20121003" Time="181628">AddIndex D:\MMPKS_1oct2012\SouthAtlanticGulf_Output\ApalacheeBayStMarks_03120001.gdb\Mapunits rsprod_r rsprod_r NON_UNIQUE NON_ASCENDING</Process><Process ToolSource="c:\program files (x86)\arcgis\desktop10.1\ArcToolbox\Toolboxes\Data Management Tools.tbx\AddIndex" Date="20121003" Time="181629">AddIndex D:\MMPKS_1oct2012\SouthAtlanticGulf_Output\ApalacheeBayStMarks_03120001.gdb\Mapunits slope_h slope_h NON_UNIQUE NON_ASCENDING</Process><Process ToolSource="c:\program files (x86)\arcgis\desktop10.1\ArcToolbox\Toolboxes\Data Management Tools.tbx\AddIndex" Date="20121003" Time="181629">AddIndex D:\MMPKS_1oct2012\SouthAtlanticGulf_Output\ApalacheeBayStMarks_03120001.gdb\Mapunits slope_l slope_l NON_UNIQUE NON_ASCENDING</Process><Process ToolSource="c:\program files (x86)\arcgis\desktop10.1\ArcToolbox\Toolboxes\Data Management Tools.tbx\AddIndex" Date="20121003" Time="181630">AddIndex D:\MMPKS_1oct2012\SouthAtlanticGulf_Output\ApalacheeBayStMarks_03120001.gdb\Mapunits slope_r slope_r NON_UNIQUE NON_ASCENDING</Process><Process ToolSource="c:\program files (x86)\arcgis\desktop10.1\ArcToolbox\Toolboxes\Data Management Tools.tbx\AddIndex" Date="20121003" Time="181631">AddIndex D:\MMPKS_1oct2012\SouthAtlanticGulf_Output\ApalacheeBayStMarks_03120001.gdb\Mapunits slopelen_h slopelen_h NON_UNIQUE NON_ASCENDING</Process><Process ToolSource="c:\program files (x86)\arcgis\desktop10.1\ArcToolbox\Toolboxes\Data Management Tools.tbx\AddIndex" Date="20121003" Time="181631">AddIndex D:\MMPKS_1oct2012\SouthAtlanticGulf_Output\ApalacheeBayStMarks_03120001.gdb\Mapunits slopelen_l slopelen_l NON_UNIQUE NON_ASCENDING</Process><Process ToolSource="c:\program files (x86)\arcgis\desktop10.1\ArcToolbox\Toolboxes\Data Management Tools.tbx\AddIndex" Date="20121003" Time="181632">AddIndex D:\MMPKS_1oct2012\SouthAtlanticGulf_Output\ApalacheeBayStMarks_03120001.gdb\Mapunits slopelen_r slopelen_r NON_UNIQUE NON_ASCENDING</Process><Process ToolSource="c:\program files (x86)\arcgis\desktop10.1\ArcToolbox\Toolboxes\Data Management Tools.tbx\AddIndex" Date="20121003" Time="181633">AddIndex D:\MMPKS_1oct2012\SouthAtlanticGulf_Output\ApalacheeBayStMarks_03120001.gdb\Mapunits totalsub_h totalsub_h NON_UNIQUE NON_ASCENDING</Process><Process ToolSource="c:\program files (x86)\arcgis\desktop10.1\ArcToolbox\Toolboxes\Data Management Tools.tbx\AddIndex" Date="20121003" Time="181634">AddIndex D:\MMPKS_1oct2012\SouthAtlanticGulf_Output\ApalacheeBayStMarks_03120001.gdb\Mapunits totalsub_l totalsub_l NON_UNIQUE NON_ASCENDING</Process><Process ToolSource="c:\program files (x86)\arcgis\desktop10.1\ArcToolbox\Toolboxes\Data Management Tools.tbx\AddIndex" Date="20121003" Time="181634">AddIndex D:\MMPKS_1oct2012\SouthAtlanticGulf_Output\ApalacheeBayStMarks_03120001.gdb\Mapunits totalsub_r totalsub_r NON_UNIQUE NON_ASCENDING</Process><Process ToolSource="c:\program files (x86)\arcgis\desktop10.1\ArcToolbox\Toolboxes\Data Management Tools.tbx\AddIndex" Date="20121003" Time="181635">AddIndex D:\MMPKS_1oct2012\SouthAtlanticGulf_Output\ApalacheeBayStMarks_03120001.gdb\Mapunits cokey cokey NON_UNIQUE NON_ASCENDING</Process><Process ToolSource="c:\program files (x86)\arcgis\desktop10.1\ArcToolbox\Toolboxes\Data Management Tools.tbx\AddIndex" Date="20121003" Time="181636">AddIndex D:\MMPKS_1oct2012\SouthAtlanticGulf_Output\ApalacheeBayStMarks_03120001.gdb\Mapunits comppct_l comppct_l NON_UNIQUE NON_ASCENDING</Process><Process ToolSource="c:\program files (x86)\arcgis\desktop10.1\ArcToolbox\Toolboxes\Data Management Tools.tbx\AddIndex" Date="20121003" Time="181637">AddIndex D:\MMPKS_1oct2012\SouthAtlanticGulf_Output\ApalacheeBayStMarks_03120001.gdb\Mapunits comppct_r comppct_r NON_UNIQUE NON_ASCENDING</Process><Process ToolSource="c:\program files (x86)\arcgis\desktop10.1\ArcToolbox\Toolboxes\Data Management Tools.tbx\AddIndex" Date="20121003" Time="181637">AddIndex D:\MMPKS_1oct2012\SouthAtlanticGulf_Output\ApalacheeBayStMarks_03120001.gdb\Mapunits comppct_h comppct_h NON_UNIQUE NON_ASCENDING</Process><Process ToolSource="c:\program files (x86)\arcgis\desktop10.1\ArcToolbox\Toolboxes\Data Management Tools.tbx\AddIndex" Date="20121003" Time="181638">AddIndex D:\MMPKS_1oct2012\SouthAtlanticGulf_Output\ApalacheeBayStMarks_03120001.gdb\Mapunits compname compname NON_UNIQUE NON_ASCENDING</Process><Process ToolSource="c:\program files (x86)\arcgis\desktop10.1\ArcToolbox\Toolboxes\Data Management Tools.tbx\AddIndex" Date="20121003" Time="181639">AddIndex D:\MMPKS_1oct2012\SouthAtlanticGulf_Output\ApalacheeBayStMarks_03120001.gdb\Mapunits compkind compkind NON_UNIQUE NON_ASCENDING</Process><Process ToolSource="c:\program files (x86)\arcgis\desktop10.1\ArcToolbox\Toolboxes\Data Management Tools.tbx\AddIndex" Date="20121003" Time="181640">AddIndex D:\MMPKS_1oct2012\SouthAtlanticGulf_Output\ApalacheeBayStMarks_03120001.gdb\Mapunits otherph otherph NON_UNIQUE NON_ASCENDING</Process><Process ToolSource="c:\program files (x86)\arcgis\desktop10.1\ArcToolbox\Toolboxes\Data Management Tools.tbx\AddIndex" Date="20121003" Time="181640">AddIndex D:\MMPKS_1oct2012\SouthAtlanticGulf_Output\ApalacheeBayStMarks_03120001.gdb\Mapunits localphase localphase NON_UNIQUE NON_ASCENDING</Process><Process ToolSource="c:\program files (x86)\arcgis\desktop10.1\ArcToolbox\Toolboxes\Data Management Tools.tbx\AddIndex" Date="20121003" Time="181641">AddIndex D:\MMPKS_1oct2012\SouthAtlanticGulf_Output\ApalacheeBayStMarks_03120001.gdb\Mapunits runoff runoff NON_UNIQUE NON_ASCENDING</Process><Process ToolSource="c:\program files (x86)\arcgis\desktop10.1\ArcToolbox\Toolboxes\Data Management Tools.tbx\AddIndex" Date="20121003" Time="181642">AddIndex D:\MMPKS_1oct2012\SouthAtlanticGulf_Output\ApalacheeBayStMarks_03120001.gdb\Mapunits tfact tfact NON_UNIQUE NON_ASCENDING</Process><Process ToolSource="c:\program files (x86)\arcgis\desktop10.1\ArcToolbox\Toolboxes\Data Management Tools.tbx\AddIndex" Date="20121003" Time="181642">AddIndex D:\MMPKS_1oct2012\SouthAtlanticGulf_Output\ApalacheeBayStMarks_03120001.gdb\Mapunits wei wei NON_UNIQUE NON_ASCENDING</Process><Process ToolSource="c:\program files (x86)\arcgis\desktop10.1\ArcToolbox\Toolboxes\Data Management Tools.tbx\AddIndex" Date="20121003" Time="181643">AddIndex D:\MMPKS_1oct2012\SouthAtlanticGulf_Output\ApalacheeBayStMarks_03120001.gdb\Mapunits weg weg NON_UNIQUE NON_ASCENDING</Process><Process ToolSource="c:\program files (x86)\arcgis\desktop10.1\ArcToolbox\Toolboxes\Data Management Tools.tbx\AddIndex" Date="20121003" Time="181644">AddIndex D:\MMPKS_1oct2012\SouthAtlanticGulf_Output\ApalacheeBayStMarks_03120001.gdb\Mapunits erocl erocl NON_UNIQUE NON_ASCENDING</Process></lineage><itemProps><itemName Sync="TRUE">SSURGO_NWF</itemName><imsContentType Sync="TRUE">002</imsContentType><itemLocation><linkage Sync="TRUE">file://\\WRM-DSH8S32-L\C$\Users\Humphreys_J\Desktop\Patch_lab\RAW_DATA\Bounds\WetlandData\WetlandData\SSURGO_NWF\SSURGO_NWF.shp</linkage><protocol Sync="TRUE">Local Area Network</protocol></itemLocation><itemSize Sync="TRUE">0.000</itemSize></itemProps><coordRef><type Sync="TRUE">Geographic</type><geogcsn Sync="TRUE">GCS_North_American_1983</geogcsn><csUnits Sync="TRUE">Angular Unit: Degree (0.017453)</csUnits><peXml Sync="TRUE">&lt;GeographicCoordinateSystem xsi:type='typens:GeographicCoordinateSystem' xmlns:xsi='http://www.w3.org/2001/XMLSchema-instance' xmlns:xs='http://www.w3.org/2001/XMLSchema' xmlns:typens='http://www.esri.com/schemas/ArcGIS/10.1'&gt;&lt;WKT&gt;GEOGCS[&amp;quot;GCS_North_American_1983&amp;quot;,DATUM[&amp;quot;D_North_American_1983&amp;quot;,SPHEROID[&amp;quot;GRS_1980&amp;quot;,6378137.0,298.257222101]],PRIMEM[&amp;quot;Greenwich&amp;quot;,0.0],UNIT[&amp;quot;Degree&amp;quot;,0.0174532925199433],AUTHORITY[&amp;quot;EPSG&amp;quot;,4269]]&lt;/WKT&gt;&lt;XOrigin&gt;-400&lt;/XOrigin&gt;&lt;YOrigin&gt;-400&lt;/YOrigin&gt;&lt;XYScale&gt;11258999068426.238&lt;/XYScale&gt;&lt;ZOrigin&gt;-100000&lt;/ZOrigin&gt;&lt;ZScale&gt;10000&lt;/ZScale&gt;&lt;MOrigin&gt;-100000&lt;/MOrigin&gt;&lt;MScale&gt;10000&lt;/MScale&gt;&lt;XYTolerance&gt;8.9831528411952133e-009&lt;/XYTolerance&gt;&lt;ZTolerance&gt;0.001&lt;/ZTolerance&gt;&lt;MTolerance&gt;0.001&lt;/MTolerance&gt;&lt;HighPrecision&gt;true&lt;/HighPrecision&gt;&lt;LeftLongitude&gt;-180&lt;/LeftLongitude&gt;&lt;WKID&gt;4269&lt;/WKID&gt;&lt;LatestWKID&gt;4269&lt;/LatestWKID&gt;&lt;/GeographicCoordinateSystem&gt;</peXml></coordRef></DataProperties><SyncDate>20150728</SyncDate><SyncTime>15323600</SyncTime><ModDate>20150728</ModDate><ModTime>15323600</ModTime></Esri><dataIdInfo><envirDesc Sync="TRUE"> Version 6.2 (Build 9200) ; Esri ArcGIS 10.2.2.3552</envirDesc><dataLang><languageCode value="eng" Sync="TRUE"></languageCode><countryCode value="USA" Sync="TRUE"></countryCode></dataLang><idCitation><resTitle Sync="TRUE">SSURGO_NWF</resTitle><presForm><PresFormCd value="005" Sync="TRUE"></PresFormCd></presForm></idCitation><spatRpType><SpatRepTypCd value="001" Sync="TRUE"></SpatRepTypCd></spatRpType></dataIdInfo><mdLang><languageCode value="eng" Sync="TRUE"></languageCode><countryCode value="USA" Sync="TRUE"></countryCode></mdLang><distInfo><distFormat><formatName Sync="TRUE">Shapefile</formatName></distFormat><distTranOps><transSize Sync="TRUE">0.000</transSize></distTranOps></distInfo><mdHrLv><ScopeCd value="005" Sync="TRUE"></ScopeCd></mdHrLv><mdHrLvName Sync="TRUE">dataset</mdHrLvName><refSysInfo><RefSystem><refSysID><identCode code="4269" Sync="TRUE"></identCode><idCodeSpace Sync="TRUE">EPSG</idCodeSpace><idVersion Sync="TRUE">8.2.6</idVersion></refSysID></RefSystem></refSysInfo><spatRepInfo><VectSpatRep><geometObjs Name="SSURGO_NWF"><geoObjTyp><GeoObjTypCd value="002" Sync="TRUE"></GeoObjTypCd></geoObjTyp><geoObjCnt Sync="TRUE">0</geoObjCnt></geometObjs><topLvl><TopoLevCd value="001" Sync="TRUE"></TopoLevCd></topLvl></VectSpatRep></spatRepInfo><spdoinfo><ptvctinf><esriterm Name="SSURGO_NWF"><efeatyp Sync="TRUE">Simple</efeatyp><efeageom code="4" Sync="TRUE"></efeageom><esritopo Sync="TRUE">FALSE</esritopo><efeacnt Sync="TRUE">0</efeacnt><spindex Sync="TRUE">FALSE</spindex><linrefer Sync="TRUE">FALSE</linrefer></esriterm></ptvctinf></spdoinfo><eainfo><detailed Name="SSURGO_NWF"><enttyp><enttypl Sync="TRUE">SSURGO_NWF</enttypl><enttypt Sync="TRUE">Feature Class</enttypt><enttypc Sync="TRUE">0</enttypc></enttyp><attr><attrlabl Sync="TRUE">FID</attrlabl><attalias Sync="TRUE">FID</attalias><attrtype Sync="TRUE">OID</attrtype><attwidth Sync="TRUE">4</attwidth><atprecis Sync="TRUE">0</atprecis><attscale Sync="TRUE">0</attscale><attrdef Sync="TRUE">Internal feature number.</attrdef><attrdefs Sync="TRUE">Esri</attrdefs><attrdomv><udom Sync="TRUE">Sequential unique whole numbers that are automatically generated.</udom></attrdomv></attr><attr><attrlabl Sync="TRUE">Shape</attrlabl><attalias Sync="TRUE">Shape</attalias><attrtype Sync="TRUE">Geometry</attrtype><attwidth Sync="TRUE">0</attwidth><atprecis Sync="TRUE">0</atprecis><attscale Sync="TRUE">0</attscale><attrdef Sync="TRUE">Feature geometry.</attrdef><attrdefs Sync="TRUE">Esri</attrdefs><attrdomv><udom Sync="TRUE">Coordinates defining the features.</udom></attrdomv></attr><attr><attrlabl Sync="TRUE">AREASYMBOL</attrlabl><attalias Sync="TRUE">AREASYMBOL</attalias><attrtype Sync="TRUE">String</attrtype><attwidth Sync="TRUE">20</attwidth><atprecis Sync="TRUE">0</atprecis><attscale Sync="TRUE">0</attscale></attr><attr><attrlabl Sync="TRUE">SPATIALVER</attrlabl><attalias Sync="TRUE">SPATIALVER</attalias><attrtype Sync="TRUE">Integer</attrtype><attwidth Sync="TRUE">9</attwidth><atprecis Sync="TRUE">9</atprecis><attscale Sync="TRUE">0</attscale></attr><attr><attrlabl Sync="TRUE">MUSYM</attrlabl><attalias Sync="TRUE">MUSYM</attalias><attrtype Sync="TRUE">String</attrtype><attwidth Sync="TRUE">6</attwidth><atprecis Sync="TRUE">0</atprecis><attscale Sync="TRUE">0</attscale></attr><attr><attrlabl Sync="TRUE">MUKEY</attrlabl><attalias Sync="TRUE">MUKEY</attalias><attrtype Sync="TRUE">String</attrtype><attwidth Sync="TRUE">30</attwidth><atprecis Sync="TRUE">0</atprecis><attscale Sync="TRUE">0</attscale></attr><attr><attrlabl Sync="TRUE">NationalMu</attrlabl><attalias Sync="TRUE">NationalMu</attalias><attrtype Sync="TRUE">String</attrtype><attwidth Sync="TRUE">6</attwidth><atprecis Sync="TRUE">0</atprecis><attscale Sync="TRUE">0</attscale></attr><attr><attrlabl Sync="TRUE">muname</attrlabl><attalias Sync="TRUE">muname</attalias><attrtype Sync="TRUE">String</attrtype><attwidth Sync="TRUE">175</attwidth><atprecis Sync="TRUE">0</atprecis><attscale Sync="TRUE">0</attscale></attr><attr><attrlabl Sync="TRUE">mukind</attrlabl><attalias Sync="TRUE">mukind</attalias><attrtype Sync="TRUE">String</attrtype><attwidth Sync="TRUE">254</attwidth><atprecis Sync="TRUE">0</atprecis><attscale Sync="TRUE">0</attscale></attr><attr><attrlabl Sync="TRUE">farmlndcl</attrlabl><attalias Sync="TRUE">farmlndcl</attalias><attrtype Sync="TRUE">String</attrtype><attwidth Sync="TRUE">254</attwidth><atprecis Sync="TRUE">0</atprecis><attscale Sync="TRUE">0</attscale></attr><attr><attrlabl Sync="TRUE">muhelcl</attrlabl><attalias Sync="TRUE">muhelcl</attalias><attrtype Sync="TRUE">String</attrtype><attwidth Sync="TRUE">254</attwidth><atprecis Sync="TRUE">0</atprecis><attscale Sync="TRUE">0</attscale></attr><attr><attrlabl Sync="TRUE">muwathelcl</attrlabl><attalias Sync="TRUE">muwathelcl</attalias><attrtype Sync="TRUE">String</attrtype><attwidth Sync="TRUE">254</attwidth><atprecis Sync="TRUE">0</atprecis><attscale Sync="TRUE">0</attscale></attr><attr><attrlabl Sync="TRUE">muwndhelcl</attrlabl><attalias Sync="TRUE">muwndhelcl</attalias><attrtype Sync="TRUE">String</attrtype><attwidth Sync="TRUE">254</attwidth><atprecis Sync="TRUE">0</atprecis><attscale Sync="TRUE">0</attscale></attr><attr><attrlabl Sync="TRUE">interpfocu</attrlabl><attalias Sync="TRUE">interpfocu</attalias><attrtype Sync="TRUE">String</attrtype><attwidth Sync="TRUE">30</attwidth><atprecis Sync="TRUE">0</atprecis><attscale Sync="TRUE">0</attscale></attr><attr><attrlabl Sync="TRUE">invesinten</attrlabl><attalias Sync="TRUE">invesinten</attalias><attrtype Sync="TRUE">String</attrtype><attwidth Sync="TRUE">254</attwidth><atprecis Sync="TRUE">0</atprecis><attscale Sync="TRUE">0</attscale></attr><attr><attrlabl Sync="TRUE">lkey</attrlabl><attalias Sync="TRUE">lkey</attalias><attrtype Sync="TRUE">String</attrtype><attwidth Sync="TRUE">30</attwidth><atprecis Sync="TRUE">0</atprecis><attscale Sync="TRUE">0</attscale></attr><attr><attrlabl Sync="TRUE">museq</attrlabl><attalias Sync="TRUE">museq</attalias><attrtype Sync="TRUE">Integer</attrtype><attwidth Sync="TRUE">9</attwidth><atprecis Sync="TRUE">9</atprecis><attscale Sync="TRUE">0</attscale></attr><attr><attrlabl Sync="TRUE">iacornsr</attrlabl><attalias Sync="TRUE">iacornsr</attalias><attrtype Sync="TRUE">SmallInteger</attrtype><attwidth Sync="TRUE">4</attwidth><atprecis Sync="TRUE">4</atprecis><attscale Sync="TRUE">0</attscale></attr><attr><attrlabl Sync="TRUE">projectsca</attrlabl><attalias Sync="TRUE">projectsca</attalias><attrtype Sync="TRUE">Integer</attrtype><attwidth Sync="TRUE">9</attwidth><atprecis Sync="TRUE">9</atprecis><attscale Sync="TRUE">0</attscale></attr><attr><attrlabl Sync="TRUE">tabularver</attrlabl><attalias Sync="TRUE">tabularver</attalias><attrtype Sync="TRUE">Integer</attrtype><attwidth Sync="TRUE">9</attwidth><atprecis Sync="TRUE">9</atprecis><attscale Sync="TRUE">0</attscale></attr><attr><attrlabl Sync="TRUE">slopegradd</attrlabl><attalias Sync="TRUE">slopegradd</attalias><attrtype Sync="TRUE">Single</attrtype><attwidth Sync="TRUE">13</attwidth><atprecis Sync="TRUE">0</atprecis><attscale Sync="TRUE">0</attscale></attr><attr><attrlabl Sync="TRUE">slopegradw</attrlabl><attalias Sync="TRUE">slopegradw</attalias><attrtype Sync="TRUE">Single</attrtype><attwidth Sync="TRUE">13</attwidth><atprecis Sync="TRUE">0</atprecis><attscale Sync="TRUE">0</attscale></attr><attr><attrlabl Sync="TRUE">brockdepmi</attrlabl><attalias Sync="TRUE">brockdepmi</attalias><attrtype Sync="TRUE">SmallInteger</attrtype><attwidth Sync="TRUE">4</attwidth><atprecis Sync="TRUE">4</atprecis><attscale Sync="TRUE">0</attscale></attr><attr><attrlabl Sync="TRUE">wtdepannmi</attrlabl><attalias Sync="TRUE">wtdepannmi</attalias><attrtype Sync="TRUE">SmallInteger</attrtype><attwidth Sync="TRUE">4</attwidth><atprecis Sync="TRUE">4</atprecis><attscale Sync="TRUE">0</attscale></attr><attr><attrlabl Sync="TRUE">wtdepaprju</attrlabl><attalias Sync="TRUE">wtdepaprju</attalias><attrtype Sync="TRUE">SmallInteger</attrtype><attwidth Sync="TRUE">4</attwidth><atprecis Sync="TRUE">4</atprecis><attscale Sync="TRUE">0</attscale></attr><attr><attrlabl Sync="TRUE">flodfreqdc</attrlabl><attalias Sync="TRUE">flodfreqdc</attalias><attrtype Sync="TRUE">String</attrtype><attwidth Sync="TRUE">254</attwidth><atprecis Sync="TRUE">0</atprecis><attscale Sync="TRUE">0</attscale></attr><attr><attrlabl Sync="TRUE">flodfreqma</attrlabl><attalias Sync="TRUE">flodfreqma</attalias><attrtype Sync="TRUE">String</attrtype><attwidth Sync="TRUE">254</attwidth><atprecis Sync="TRUE">0</atprecis><attscale Sync="TRUE">0</attscale></attr><attr><attrlabl Sync="TRUE">pondfreqpr</attrlabl><attalias Sync="TRUE">pondfreqpr</attalias><attrtype Sync="TRUE">String</attrtype><attwidth Sync="TRUE">254</attwidth><atprecis Sync="TRUE">0</atprecis><attscale Sync="TRUE">0</attscale></attr><attr><attrlabl Sync="TRUE">aws025wta</attrlabl><attalias Sync="TRUE">aws025wta</attalias><attrtype Sync="TRUE">Single</attrtype><attwidth Sync="TRUE">13</attwidth><atprecis Sync="TRUE">0</atprecis><attscale Sync="TRUE">0</attscale></attr><attr><attrlabl Sync="TRUE">aws050wta</attrlabl><attalias Sync="TRUE">aws050wta</attalias><attrtype Sync="TRUE">Single</attrtype><attwidth Sync="TRUE">13</attwidth><atprecis Sync="TRUE">0</atprecis><attscale Sync="TRUE">0</attscale></attr><attr><attrlabl Sync="TRUE">aws0100wta</attrlabl><attalias Sync="TRUE">aws0100wta</attalias><attrtype Sync="TRUE">Single</attrtype><attwidth Sync="TRUE">13</attwidth><atprecis Sync="TRUE">0</atprecis><attscale Sync="TRUE">0</attscale></attr><attr><attrlabl Sync="TRUE">aws0150wta</attrlabl><attalias Sync="TRUE">aws0150wta</attalias><attrtype Sync="TRUE">Single</attrtype><attwidth Sync="TRUE">13</attwidth><atprecis Sync="TRUE">0</atprecis><attscale Sync="TRUE">0</attscale></attr><attr><attrlabl Sync="TRUE">drclassdcd</attrlabl><attalias Sync="TRUE">drclassdcd</attalias><attrtype Sync="TRUE">String</attrtype><attwidth Sync="TRUE">254</attwidth><atprecis Sync="TRUE">0</atprecis><attscale Sync="TRUE">0</attscale></attr><attr><attrlabl Sync="TRUE">drclasswet</attrlabl><attalias Sync="TRUE">drclasswet</attalias><attrtype Sync="TRUE">String</attrtype><attwidth Sync="TRUE">254</attwidth><atprecis Sync="TRUE">0</atprecis><attscale Sync="TRUE">0</attscale></attr><attr><attrlabl Sync="TRUE">hydgrpdcd</attrlabl><attalias Sync="TRUE">hydgrpdcd</attalias><attrtype Sync="TRUE">String</attrtype><attwidth Sync="TRUE">254</attwidth><atprecis Sync="TRUE">0</atprecis><attscale Sync="TRUE">0</attscale></attr><attr><attrlabl Sync="TRUE">iccdcd</attrlabl><attalias Sync="TRUE">iccdcd</attalias><attrtype Sync="TRUE">String</attrtype><attwidth Sync="TRUE">254</attwidth><atprecis Sync="TRUE">0</atprecis><attscale Sync="TRUE">0</attscale></attr><attr><attrlabl Sync="TRUE">iccdcdpct</attrlabl><attalias Sync="TRUE">iccdcdpct</attalias><attrtype Sync="TRUE">SmallInteger</attrtype><attwidth Sync="TRUE">4</attwidth><atprecis Sync="TRUE">4</atprecis><attscale Sync="TRUE">0</attscale></attr><attr><attrlabl Sync="TRUE">niccdcd</attrlabl><attalias Sync="TRUE">niccdcd</attalias><attrtype Sync="TRUE">String</attrtype><attwidth Sync="TRUE">254</attwidth><atprecis Sync="TRUE">0</atprecis><attscale Sync="TRUE">0</attscale></attr><attr><attrlabl Sync="TRUE">niccdcdpct</attrlabl><attalias Sync="TRUE">niccdcdpct</attalias><attrtype Sync="TRUE">SmallInteger</attrtype><attwidth Sync="TRUE">4</attwidth><atprecis Sync="TRUE">4</atprecis><attscale Sync="TRUE">0</attscale></attr><attr><attrlabl Sync="TRUE">engdwobdcd</attrlabl><attalias Sync="TRUE">engdwobdcd</attalias><attrtype Sync="TRUE">String</attrtype><attwidth Sync="TRUE">254</attwidth><atprecis Sync="TRUE">0</atprecis><attscale Sync="TRUE">0</attscale></attr><attr><attrlabl Sync="TRUE">engdwbdcd</attrlabl><attalias Sync="TRUE">engdwbdcd</attalias><attrtype Sync="TRUE">String</attrtype><attwidth Sync="TRUE">254</attwidth><atprecis Sync="TRUE">0</atprecis><attscale Sync="TRUE">0</attscale></attr><attr><attrlabl Sync="TRUE">engdwbll</attrlabl><attalias Sync="TRUE">engdwbll</attalias><attrtype Sync="TRUE">String</attrtype><attwidth Sync="TRUE">254</attwidth><atprecis Sync="TRUE">0</atprecis><attscale Sync="TRUE">0</attscale></attr><attr><attrlabl Sync="TRUE">engdwbml</attrlabl><attalias Sync="TRUE">engdwbml</attalias><attrtype Sync="TRUE">String</attrtype><attwidth Sync="TRUE">254</attwidth><atprecis Sync="TRUE">0</atprecis><attscale Sync="TRUE">0</attscale></attr><attr><attrlabl Sync="TRUE">engstafdcd</attrlabl><attalias Sync="TRUE">engstafdcd</attalias><attrtype Sync="TRUE">String</attrtype><attwidth Sync="TRUE">254</attwidth><atprecis Sync="TRUE">0</atprecis><attscale Sync="TRUE">0</attscale></attr><attr><attrlabl Sync="TRUE">engstafll</attrlabl><attalias Sync="TRUE">engstafll</attalias><attrtype Sync="TRUE">String</attrtype><attwidth Sync="TRUE">254</attwidth><atprecis Sync="TRUE">0</atprecis><attscale Sync="TRUE">0</attscale></attr><attr><attrlabl Sync="TRUE">engstafml</attrlabl><attalias Sync="TRUE">engstafml</attalias><attrtype Sync="TRUE">String</attrtype><attwidth Sync="TRUE">254</attwidth><atprecis Sync="TRUE">0</atprecis><attscale Sync="TRUE">0</attscale></attr><attr><attrlabl Sync="TRUE">engsldcd</attrlabl><attalias Sync="TRUE">engsldcd</attalias><attrtype Sync="TRUE">String</attrtype><attwidth Sync="TRUE">254</attwidth><atprecis Sync="TRUE">0</atprecis><attscale Sync="TRUE">0</attscale></attr><attr><attrlabl Sync="TRUE">engsldcp</attrlabl><attalias Sync="TRUE">engsldcp</attalias><attrtype Sync="TRUE">String</attrtype><attwidth Sync="TRUE">254</attwidth><atprecis Sync="TRUE">0</atprecis><attscale Sync="TRUE">0</attscale></attr><attr><attrlabl Sync="TRUE">englrsdcd</attrlabl><attalias Sync="TRUE">englrsdcd</attalias><attrtype Sync="TRUE">String</attrtype><attwidth Sync="TRUE">254</attwidth><atprecis Sync="TRUE">0</atprecis><attscale Sync="TRUE">0</attscale></attr><attr><attrlabl Sync="TRUE">engcmssdcd</attrlabl><attalias Sync="TRUE">engcmssdcd</attalias><attrtype Sync="TRUE">String</attrtype><attwidth Sync="TRUE">254</attwidth><atprecis Sync="TRUE">0</atprecis><attscale Sync="TRUE">0</attscale></attr><attr><attrlabl Sync="TRUE">engcmssmp</attrlabl><attalias Sync="TRUE">engcmssmp</attalias><attrtype Sync="TRUE">String</attrtype><attwidth Sync="TRUE">254</attwidth><atprecis Sync="TRUE">0</atprecis><attscale Sync="TRUE">0</attscale></attr><attr><attrlabl Sync="TRUE">urbrecptdc</attrlabl><attalias Sync="TRUE">urbrecptdc</attalias><attrtype Sync="TRUE">String</attrtype><attwidth Sync="TRUE">254</attwidth><atprecis Sync="TRUE">0</atprecis><attscale Sync="TRUE">0</attscale></attr><attr><attrlabl Sync="TRUE">urbrecptwt</attrlabl><attalias Sync="TRUE">urbrecptwt</attalias><attrtype Sync="TRUE">Single</attrtype><attwidth Sync="TRUE">13</attwidth><atprecis Sync="TRUE">0</atprecis><attscale Sync="TRUE">0</attscale></attr><attr><attrlabl Sync="TRUE">forpehrtdc</attrlabl><attalias Sync="TRUE">forpehrtdc</attalias><attrtype Sync="TRUE">String</attrtype><attwidth Sync="TRUE">254</attwidth><atprecis Sync="TRUE">0</atprecis><attscale Sync="TRUE">0</attscale></attr><attr><attrlabl Sync="TRUE">hydclprs</attrlabl><attalias Sync="TRUE">hydclprs</attalias><attrtype Sync="TRUE">String</attrtype><attwidth Sync="TRUE">254</attwidth><atprecis Sync="TRUE">0</atprecis><attscale Sync="TRUE">0</attscale></attr><attr><attrlabl Sync="TRUE">awmmfpwwta</attrlabl><attalias Sync="TRUE">awmmfpwwta</attalias><attrtype Sync="TRUE">Single</attrtype><attwidth Sync="TRUE">13</attwidth><atprecis Sync="TRUE">0</atprecis><attscale Sync="TRUE">0</attscale></attr><attr><attrlabl Sync="TRUE">airtempa_h</attrlabl><attalias Sync="TRUE">airtempa_h</attalias><attrtype Sync="TRUE">Single</attrtype><attwidth Sync="TRUE">13</attwidth><atprecis Sync="TRUE">0</atprecis><attscale Sync="TRUE">0</attscale></attr><attr><attrlabl Sync="TRUE">airtempa_l</attrlabl><attalias Sync="TRUE">airtempa_l</attalias><attrtype Sync="TRUE">Single</attrtype><attwidth Sync="TRUE">13</attwidth><atprecis Sync="TRUE">0</atprecis><attscale Sync="TRUE">0</attscale></attr><attr><attrlabl Sync="TRUE">airtempa_r</attrlabl><attalias Sync="TRUE">airtempa_r</attalias><attrtype Sync="TRUE">Single</attrtype><attwidth Sync="TRUE">13</attwidth><atprecis Sync="TRUE">0</atprecis><attscale Sync="TRUE">0</attscale></attr><attr><attrlabl Sync="TRUE">albedo_h</attrlabl><attalias Sync="TRUE">albedo_h</attalias><attrtype Sync="TRUE">Single</attrtype><attwidth Sync="TRUE">13</attwidth><atprecis Sync="TRUE">0</atprecis><attscale Sync="TRUE">0</attscale></attr><attr><attrlabl Sync="TRUE">albedo_l</attrlabl><attalias Sync="TRUE">albedo_l</attalias><attrtype Sync="TRUE">Single</attrtype><attwidth Sync="TRUE">13</attwidth><atprecis Sync="TRUE">0</atprecis><attscale Sync="TRUE">0</attscale></attr><attr><attrlabl Sync="TRUE">albedo_r</attrlabl><attalias Sync="TRUE">albedo_r</attalias><attrtype Sync="TRUE">Single</attrtype><attwidth Sync="TRUE">13</attwidth><atprecis Sync="TRUE">0</atprecis><attscale Sync="TRUE">0</attscale></attr><attr><attrlabl Sync="TRUE">cropprodin</attrlabl><attalias Sync="TRUE">cropprodin</attalias><attrtype Sync="TRUE">Single</attrtype><attwidth Sync="TRUE">13</attwidth><atprecis Sync="TRUE">0</atprecis><attscale Sync="TRUE">0</attscale></attr><attr><attrlabl Sync="TRUE">elev_h</attrlabl><attalias Sync="TRUE">elev_h</attalias><attrtype Sync="TRUE">Single</attrtype><attwidth Sync="TRUE">13</attwidth><atprecis Sync="TRUE">0</atprecis><attscale Sync="TRUE">0</attscale></attr><attr><attrlabl Sync="TRUE">elev_l</attrlabl><attalias Sync="TRUE">elev_l</attalias><attrtype Sync="TRUE">Single</attrtype><attwidth Sync="TRUE">13</attwidth><atprecis Sync="TRUE">0</atprecis><attscale Sync="TRUE">0</attscale></attr><attr><attrlabl Sync="TRUE">elev_r</attrlabl><attalias Sync="TRUE">elev_r</attalias><attrtype Sync="TRUE">Single</attrtype><attwidth Sync="TRUE">13</attwidth><atprecis Sync="TRUE">0</atprecis><attscale Sync="TRUE">0</attscale></attr><attr><attrlabl Sync="TRUE">ffd_h</attrlabl><attalias Sync="TRUE">ffd_h</attalias><attrtype Sync="TRUE">Single</attrtype><attwidth Sync="TRUE">13</attwidth><atprecis Sync="TRUE">0</atprecis><attscale Sync="TRUE">0</attscale></attr><attr><attrlabl Sync="TRUE">ffd_l</attrlabl><attalias Sync="TRUE">ffd_l</attalias><attrtype Sync="TRUE">Single</attrtype><attwidth Sync="TRUE">13</attwidth><atprecis Sync="TRUE">0</atprecis><attscale Sync="TRUE">0</attscale></attr><attr><attrlabl Sync="TRUE">ffd_r</attrlabl><attalias Sync="TRUE">ffd_r</attalias><attrtype Sync="TRUE">Single</attrtype><attwidth Sync="TRUE">13</attwidth><atprecis Sync="TRUE">0</atprecis><attscale Sync="TRUE">0</attscale></attr><attr><attrlabl Sync="TRUE">initsub_h</attrlabl><attalias Sync="TRUE">initsub_h</attalias><attrtype Sync="TRUE">Single</attrtype><attwidth Sync="TRUE">13</attwidth><atprecis Sync="TRUE">0</atprecis><attscale Sync="TRUE">0</attscale></attr><attr><attrlabl Sync="TRUE">initsub_l</attrlabl><attalias Sync="TRUE">initsub_l</attalias><attrtype Sync="TRUE">Single</attrtype><attwidth Sync="TRUE">13</attwidth><atprecis Sync="TRUE">0</atprecis><attscale Sync="TRUE">0</attscale></attr><attr><attrlabl Sync="TRUE">initsub_r</attrlabl><attalias Sync="TRUE">initsub_r</attalias><attrtype Sync="TRUE">Single</attrtype><attwidth Sync="TRUE">13</attwidth><atprecis Sync="TRUE">0</atprecis><attscale Sync="TRUE">0</attscale></attr><attr><attrlabl Sync="TRUE">map_h</attrlabl><attalias Sync="TRUE">map_h</attalias><attrtype Sync="TRUE">Single</attrtype><attwidth Sync="TRUE">13</attwidth><atprecis Sync="TRUE">0</atprecis><attscale Sync="TRUE">0</attscale></attr><attr><attrlabl Sync="TRUE">map_l</attrlabl><attalias Sync="TRUE">map_l</attalias><attrtype Sync="TRUE">Single</attrtype><attwidth Sync="TRUE">13</attwidth><atprecis Sync="TRUE">0</atprecis><attscale Sync="TRUE">0</attscale></attr><attr><attrlabl Sync="TRUE">map_r</attrlabl><attalias Sync="TRUE">map_r</attalias><attrtype Sync="TRUE">Single</attrtype><attwidth Sync="TRUE">13</attwidth><atprecis Sync="TRUE">0</atprecis><attscale Sync="TRUE">0</attscale></attr><attr><attrlabl Sync="TRUE">rsprod_h</attrlabl><attalias Sync="TRUE">rsprod_h</attalias><attrtype Sync="TRUE">Single</attrtype><attwidth Sync="TRUE">13</attwidth><atprecis Sync="TRUE">0</atprecis><attscale Sync="TRUE">0</attscale></attr><attr><attrlabl Sync="TRUE">rsprod_l</attrlabl><attalias Sync="TRUE">rsprod_l</attalias><attrtype Sync="TRUE">Single</attrtype><attwidth Sync="TRUE">13</attwidth><atprecis Sync="TRUE">0</atprecis><attscale Sync="TRUE">0</attscale></attr><attr><attrlabl Sync="TRUE">rsprod_r</attrlabl><attalias Sync="TRUE">rsprod_r</attalias><attrtype Sync="TRUE">Single</attrtype><attwidth Sync="TRUE">13</attwidth><atprecis Sync="TRUE">0</atprecis><attscale Sync="TRUE">0</attscale></attr><attr><attrlabl Sync="TRUE">slope_h</attrlabl><attalias Sync="TRUE">slope_h</attalias><attrtype Sync="TRUE">Single</attrtype><attwidth Sync="TRUE">13</attwidth><atprecis Sync="TRUE">0</atprecis><attscale Sync="TRUE">0</attscale></attr><attr><attrlabl Sync="TRUE">slope_l</attrlabl><attalias Sync="TRUE">slope_l</attalias><attrtype Sync="TRUE">Single</attrtype><attwidth Sync="TRUE">13</attwidth><atprecis Sync="TRUE">0</atprecis><attscale Sync="TRUE">0</attscale></attr><attr><attrlabl Sync="TRUE">slope_r</attrlabl><attalias Sync="TRUE">slope_r</attalias><attrtype Sync="TRUE">Single</attrtype><attwidth Sync="TRUE">13</attwidth><atprecis Sync="TRUE">0</atprecis><attscale Sync="TRUE">0</attscale></attr><attr><attrlabl Sync="TRUE">slopelen_h</attrlabl><attalias Sync="TRUE">slopelen_h</attalias><attrtype Sync="TRUE">Single</attrtype><attwidth Sync="TRUE">13</attwidth><atprecis Sync="TRUE">0</atprecis><attscale Sync="TRUE">0</attscale></attr><attr><attrlabl Sync="TRUE">slopelen_l</attrlabl><attalias Sync="TRUE">slopelen_l</attalias><attrtype Sync="TRUE">Single</attrtype><attwidth Sync="TRUE">13</attwidth><atprecis Sync="TRUE">0</atprecis><attscale Sync="TRUE">0</attscale></attr><attr><attrlabl Sync="TRUE">slopelen_r</attrlabl><attalias Sync="TRUE">slopelen_r</attalias><attrtype Sync="TRUE">Single</attrtype><attwidth Sync="TRUE">13</attwidth><atprecis Sync="TRUE">0</atprecis><attscale Sync="TRUE">0</attscale></attr><attr><attrlabl Sync="TRUE">totalsub_h</attrlabl><attalias Sync="TRUE">totalsub_h</attalias><attrtype Sync="TRUE">Single</attrtype><attwidth Sync="TRUE">13</attwidth><atprecis Sync="TRUE">0</atprecis><attscale Sync="TRUE">0</attscale></attr><attr><attrlabl Sync="TRUE">totalsub_l</attrlabl><attalias Sync="TRUE">totalsub_l</attalias><attrtype Sync="TRUE">Single</attrtype><attwidth Sync="TRUE">13</attwidth><atprecis Sync="TRUE">0</atprecis><attscale Sync="TRUE">0</attscale></attr><attr><attrlabl Sync="TRUE">totalsub_r</attrlabl><attalias Sync="TRUE">totalsub_r</attalias><attrtype Sync="TRUE">Single</attrtype><attwidth Sync="TRUE">13</attwidth><atprecis Sync="TRUE">0</atprecis><attscale Sync="TRUE">0</attscale></attr><attr><attrlabl Sync="TRUE">cokey</attrlabl><attalias Sync="TRUE">cokey</attalias><attrtype Sync="TRUE">String</attrtype><attwidth Sync="TRUE">30</attwidth><atprecis Sync="TRUE">0</atprecis><attscale Sync="TRUE">0</attscale></attr><attr><attrlabl Sync="TRUE">comppct_l</attrlabl><attalias Sync="TRUE">comppct_l</attalias><attrtype Sync="TRUE">SmallInteger</attrtype><attwidth Sync="TRUE">4</attwidth><atprecis Sync="TRUE">4</atprecis><attscale Sync="TRUE">0</attscale></attr><attr><attrlabl Sync="TRUE">comppct_r</attrlabl><attalias Sync="TRUE">comppct_r</attalias><attrtype Sync="TRUE">SmallInteger</attrtype><attwidth Sync="TRUE">4</attwidth><atprecis Sync="TRUE">4</atprecis><attscale Sync="TRUE">0</attscale></attr><attr><attrlabl Sync="TRUE">comppct_h</attrlabl><attalias Sync="TRUE">comppct_h</attalias><attrtype Sync="TRUE">SmallInteger</attrtype><attwidth Sync="TRUE">4</attwidth><atprecis Sync="TRUE">4</atprecis><attscale Sync="TRUE">0</attscale></attr><attr><attrlabl Sync="TRUE">compname</attrlabl><attalias Sync="TRUE">compname</attalias><attrtype Sync="TRUE">String</attrtype><attwidth Sync="TRUE">60</attwidth><atprecis Sync="TRUE">0</atprecis><attscale Sync="TRUE">0</attscale></attr><attr><attrlabl Sync="TRUE">compkind</attrlabl><attalias Sync="TRUE">compkind</attalias><attrtype Sync="TRUE">String</attrtype><attwidth Sync="TRUE">254</attwidth><atprecis Sync="TRUE">0</atprecis><attscale Sync="TRUE">0</attscale></attr><attr><attrlabl Sync="TRUE">otherph</attrlabl><attalias Sync="TRUE">otherph</attalias><attrtype Sync="TRUE">String</attrtype><attwidth Sync="TRUE">40</attwidth><atprecis Sync="TRUE">0</atprecis><attscale Sync="TRUE">0</attscale></attr><attr><attrlabl Sync="TRUE">localphase</attrlabl><attalias Sync="TRUE">localphase</attalias><attrtype Sync="TRUE">String</attrtype><attwidth Sync="TRUE">40</attwidth><atprecis Sync="TRUE">0</atprecis><attscale Sync="TRUE">0</attscale></attr><attr><attrlabl Sync="TRUE">runoff</attrlabl><attalias Sync="TRUE">runoff</attalias><attrtype Sync="TRUE">String</attrtype><attwidth Sync="TRUE">254</attwidth><atprecis Sync="TRUE">0</atprecis><attscale Sync="TRUE">0</attscale></attr><attr><attrlabl Sync="TRUE">tfact</attrlabl><attalias Sync="TRUE">tfact</attalias><attrtype Sync="TRUE">SmallInteger</attrtype><attwidth Sync="TRUE">4</attwidth><atprecis Sync="TRUE">4</atprecis><attscale Sync="TRUE">0</attscale></attr><attr><attrlabl Sync="TRUE">wei</attrlabl><attalias Sync="TRUE">wei</attalias><attrtype Sync="TRUE">String</attrtype><attwidth Sync="TRUE">254</attwidth><atprecis Sync="TRUE">0</atprecis><attscale Sync="TRUE">0</attscale></attr><attr><attrlabl Sync="TRUE">weg</attrlabl><attalias Sync="TRUE">weg</attalias><attrtype Sync="TRUE">String</attrtype><attwidth Sync="TRUE">254</attwidth><atprecis Sync="TRUE">0</atprecis><attscale Sync="TRUE">0</attscale></attr><attr><attrlabl Sync="TRUE">erocl</attrlabl><attalias Sync="TRUE">erocl</attalias><attrtype Sync="TRUE">String</attrtype><attwidth Sync="TRUE">254</attwidth><atprecis Sync="TRUE">0</atprecis><attscale Sync="TRUE">0</attscale></attr><attr><attrlabl Sync="TRUE">earthcovki</attrlabl><attalias Sync="TRUE">earthcovki</attalias><attrtype Sync="TRUE">String</attrtype><attwidth Sync="TRUE">254</attwidth><atprecis Sync="TRUE">0</atprecis><attscale Sync="TRUE">0</attscale></attr><attr><attrlabl Sync="TRUE">earthcov_1</attrlabl><attalias Sync="TRUE">earthcov_1</attalias><attrtype Sync="TRUE">String</attrtype><attwidth Sync="TRUE">254</attwidth><atprecis Sync="TRUE">0</atprecis><attscale Sync="TRUE">0</attscale></attr><attr><attrlabl Sync="TRUE">hydricon</attrlabl><attalias Sync="TRUE">hydricon</attalias><attrtype Sync="TRUE">String</attrtype><attwidth Sync="TRUE">254</attwidth><atprecis Sync="TRUE">0</atprecis><attscale Sync="TRUE">0</attscale></attr><attr><attrlabl Sync="TRUE">aspectccwi</attrlabl><attalias Sync="TRUE">aspectccwi</attalias><attrtype Sync="TRUE">SmallInteger</attrtype><attwidth Sync="TRUE">4</attwidth><atprecis Sync="TRUE">4</atprecis><attscale Sync="TRUE">0</attscale></attr><attr><attrlabl Sync="TRUE">aspectrep</attrlabl><attalias Sync="TRUE">aspectrep</attalias><attrtype Sync="TRUE">SmallInteger</attrtype><attwidth Sync="TRUE">4</attwidth><atprecis Sync="TRUE">4</atprecis><attscale Sync="TRUE">0</attscale></attr><attr><attrlabl Sync="TRUE">aspectcwis</attrlabl><attalias Sync="TRUE">aspectcwis</attalias><attrtype Sync="TRUE">SmallInteger</attrtype><attwidth Sync="TRUE">4</attwidth><atprecis Sync="TRUE">4</atprecis><attscale Sync="TRUE">0</attscale></attr><attr><attrlabl Sync="TRUE">geomdesc</attrlabl><attalias Sync="TRUE">geomdesc</attalias><attrtype Sync="TRUE">String</attrtype><attwidth Sync="TRUE">254</attwidth><atprecis Sync="TRUE">0</atprecis><attscale Sync="TRUE">0</attscale></attr><attr><attrlabl Sync="TRUE">nirrcapcl</attrlabl><attalias Sync="TRUE">nirrcapcl</attalias><attrtype Sync="TRUE">String</attrtype><attwidth Sync="TRUE">254</attwidth><atprecis Sync="TRUE">0</atprecis><attscale Sync="TRUE">0</attscale></attr><attr><attrlabl Sync="TRUE">nirrcapscl</attrlabl><attalias Sync="TRUE">nirrcapscl</attalias><attrtype Sync="TRUE">String</attrtype><attwidth Sync="TRUE">254</attwidth><atprecis Sync="TRUE">0</atprecis><attscale Sync="TRUE">0</attscale></attr><attr><attrlabl Sync="TRUE">nirrcapuni</attrlabl><attalias Sync="TRUE">nirrcapuni</attalias><attrtype Sync="TRUE">SmallInteger</attrtype><attwidth Sync="TRUE">4</attwidth><atprecis Sync="TRUE">4</atprecis><attscale Sync="TRUE">0</attscale></attr><attr><attrlabl Sync="TRUE">irrcapcl</attrlabl><attalias Sync="TRUE">irrcapcl</attalias><attrtype Sync="TRUE">String</attrtype><attwidth Sync="TRUE">254</attwidth><atprecis Sync="TRUE">0</atprecis><attscale Sync="TRUE">0</attscale></attr><attr><attrlabl Sync="TRUE">irrcapscl</attrlabl><attalias Sync="TRUE">irrcapscl</attalias><attrtype Sync="TRUE">String</attrtype><attwidth Sync="TRUE">254</attwidth><atprecis Sync="TRUE">0</atprecis><attscale Sync="TRUE">0</attscale></attr><attr><attrlabl Sync="TRUE">irrcapunit</attrlabl><attalias Sync="TRUE">irrcapunit</attalias><attrtype Sync="TRUE">SmallInteger</attrtype><attwidth Sync="TRUE">4</attwidth><atprecis Sync="TRUE">4</atprecis><attscale Sync="TRUE">0</attscale></attr><attr><attrlabl Sync="TRUE">constreesh</attrlabl><attalias Sync="TRUE">constreesh</attalias><attrtype Sync="TRUE">String</attrtype><attwidth Sync="TRUE">254</attwidth><atprecis Sync="TRUE">0</atprecis><attscale Sync="TRUE">0</attscale></attr><attr><attrlabl Sync="TRUE">foragesuit</attrlabl><attalias Sync="TRUE">foragesuit</attalias><attrtype Sync="TRUE">String</attrtype><attwidth Sync="TRUE">11</attwidth><atprecis Sync="TRUE">0</atprecis><attscale Sync="TRUE">0</attscale></attr><attr><attrlabl Sync="TRUE">wlgrai</attrlabl><attalias Sync="TRUE">wlgrai</attalias><attrtype Sync="TRUE">String</attrtype><attwidth Sync="TRUE">254</attwidth><atprecis Sync="TRUE">0</atprecis><attscale Sync="TRUE">0</attscale></attr><attr><attrlabl Sync="TRUE">wlgrass</attrlabl><attalias Sync="TRUE">wlgrass</attalias><attrtype Sync="TRUE">String</attrtype><attwidth Sync="TRUE">254</attwidth><atprecis Sync="TRUE">0</atprecis><attscale Sync="TRUE">0</attscale></attr><attr><attrlabl Sync="TRUE">wlherbaceo</attrlabl><attalias Sync="TRUE">wlherbaceo</attalias><attrtype Sync="TRUE">String</attrtype><attwidth Sync="TRUE">254</attwidth><atprecis Sync="TRUE">0</atprecis><attscale Sync="TRUE">0</attscale></attr><attr><attrlabl Sync="TRUE">wlshrub</attrlabl><attalias Sync="TRUE">wlshrub</attalias><attrtype Sync="TRUE">String</attrtype><attwidth Sync="TRUE">254</attwidth><atprecis Sync="TRUE">0</atprecis><attscale Sync="TRUE">0</attscale></attr><attr><attrlabl Sync="TRUE">wlconifero</attrlabl><attalias Sync="TRUE">wlconifero</attalias><attrtype Sync="TRUE">String</attrtype><attwidth Sync="TRUE">254</attwidth><atprecis Sync="TRUE">0</atprecis><attscale Sync="TRUE">0</attscale></attr><attr><attrlabl Sync="TRUE">wlhardwood</attrlabl><attalias Sync="TRUE">wlhardwood</attalias><attrtype Sync="TRUE">String</attrtype><attwidth Sync="TRUE">254</attwidth><atprecis Sync="TRUE">0</atprecis><attscale Sync="TRUE">0</attscale></attr><attr><attrlabl Sync="TRUE">wlwetplant</attrlabl><attalias Sync="TRUE">wlwetplant</attalias><attrtype Sync="TRUE">String</attrtype><attwidth Sync="TRUE">254</attwidth><atprecis Sync="TRUE">0</atprecis><attscale Sync="TRUE">0</attscale></attr><attr><attrlabl Sync="TRUE">wlshalloww</attrlabl><attalias Sync="TRUE">wlshalloww</attalias><attrtype Sync="TRUE">String</attrtype><attwidth Sync="TRUE">254</attwidth><atprecis Sync="TRUE">0</atprecis><attscale Sync="TRUE">0</attscale></attr><attr><attrlabl Sync="TRUE">wlrangelan</attrlabl><attalias Sync="TRUE">wlrangelan</attalias><attrtype Sync="TRUE">String</attrtype><attwidth Sync="TRUE">254</attwidth><atprecis Sync="TRUE">0</atprecis><attscale Sync="TRUE">0</attscale></attr><attr><attrlabl Sync="TRUE">wlopenland</attrlabl><attalias Sync="TRUE">wlopenland</attalias><attrtype Sync="TRUE">String</attrtype><attwidth Sync="TRUE">254</attwidth><atprecis Sync="TRUE">0</atprecis><attscale Sync="TRUE">0</attscale></attr><attr><attrlabl Sync="TRUE">wlwoodland</attrlabl><attalias Sync="TRUE">wlwoodland</attalias><attrtype Sync="TRUE">String</attrtype><attwidth Sync="TRUE">254</attwidth><atprecis Sync="TRUE">0</atprecis><attscale Sync="TRUE">0</attscale></attr><attr><attrlabl Sync="TRUE">wlwetland</attrlabl><attalias Sync="TRUE">wlwetland</attalias><attrtype Sync="TRUE">String</attrtype><attwidth Sync="TRUE">254</attwidth><atprecis Sync="TRUE">0</atprecis><attscale Sync="TRUE">0</attscale></attr><attr><attrlabl Sync="TRUE">soilslippo</attrlabl><attalias Sync="TRUE">soilslippo</attalias><attrtype Sync="TRUE">String</attrtype><attwidth Sync="TRUE">254</attwidth><atprecis Sync="TRUE">0</atprecis><attscale Sync="TRUE">0</attscale></attr><attr><attrlabl Sync="TRUE">frostact</attrlabl><attalias Sync="TRUE">frostact</attalias><attrtype Sync="TRUE">String</attrtype><attwidth Sync="TRUE">254</attwidth><atprecis Sync="TRUE">0</atprecis><attscale Sync="TRUE">0</attscale></attr><attr><attrlabl Sync="TRUE">corcon</attrlabl><attalias Sync="TRUE">corcon</attalias><attrtype Sync="TRUE">String</attrtype><attwidth Sync="TRUE">254</attwidth><atprecis Sync="TRUE">0</atprecis><attscale Sync="TRUE">0</attscale></attr><attr><attrlabl Sync="TRUE">corsteel</attrlabl><attalias Sync="TRUE">corsteel</attalias><attrtype Sync="TRUE">String</attrtype><attwidth Sync="TRUE">254</attwidth><atprecis Sync="TRUE">0</atprecis><attscale Sync="TRUE">0</attscale></attr><attr><attrlabl Sync="TRUE">taxclname</attrlabl><attalias Sync="TRUE">taxclname</attalias><attrtype Sync="TRUE">String</attrtype><attwidth Sync="TRUE">120</attwidth><atprecis Sync="TRUE">0</atprecis><attscale Sync="TRUE">0</attscale></attr><attr><attrlabl Sync="TRUE">taxorder</attrlabl><attalias Sync="TRUE">taxorder</attalias><attrtype Sync="TRUE">String</attrtype><attwidth Sync="TRUE">254</attwidth><atprecis Sync="TRUE">0</atprecis><attscale Sync="TRUE">0</attscale></attr><attr><attrlabl Sync="TRUE">taxsuborde</attrlabl><attalias Sync="TRUE">taxsuborde</attalias><attrtype Sync="TRUE">String</attrtype><attwidth Sync="TRUE">254</attwidth><atprecis Sync="TRUE">0</atprecis><attscale Sync="TRUE">0</attscale></attr><attr><attrlabl Sync="TRUE">taxgrtgrou</attrlabl><attalias Sync="TRUE">taxgrtgrou</attalias><attrtype Sync="TRUE">String</attrtype><attwidth Sync="TRUE">254</attwidth><atprecis Sync="TRUE">0</atprecis><attscale Sync="TRUE">0</attscale></attr><attr><attrlabl Sync="TRUE">taxsubgrp</attrlabl><attalias Sync="TRUE">taxsubgrp</attalias><attrtype Sync="TRUE">String</attrtype><attwidth Sync="TRUE">254</attwidth><atprecis Sync="TRUE">0</atprecis><attscale Sync="TRUE">0</attscale></attr><attr><attrlabl Sync="TRUE">taxpartsiz</attrlabl><attalias Sync="TRUE">taxpartsiz</attalias><attrtype Sync="TRUE">String</attrtype><attwidth Sync="TRUE">254</attwidth><atprecis Sync="TRUE">0</atprecis><attscale Sync="TRUE">0</attscale></attr><attr><attrlabl Sync="TRUE">taxparts_1</attrlabl><attalias Sync="TRUE">taxparts_1</attalias><attrtype Sync="TRUE">String</attrtype><attwidth Sync="TRUE">254</attwidth><atprecis Sync="TRUE">0</atprecis><attscale Sync="TRUE">0</attscale></attr><attr><attrlabl Sync="TRUE">taxceactcl</attrlabl><attalias Sync="TRUE">taxceactcl</attalias><attrtype Sync="TRUE">String</attrtype><attwidth Sync="TRUE">254</attwidth><atprecis Sync="TRUE">0</atprecis><attscale Sync="TRUE">0</attscale></attr><attr><attrlabl Sync="TRUE">taxreactio</attrlabl><attalias Sync="TRUE">taxreactio</attalias><attrtype Sync="TRUE">String</attrtype><attwidth Sync="TRUE">254</attwidth><atprecis Sync="TRUE">0</atprecis><attscale Sync="TRUE">0</attscale></attr><attr><attrlabl Sync="TRUE">taxtempcl</attrlabl><attalias Sync="TRUE">taxtempcl</attalias><attrtype Sync="TRUE">String</attrtype><attwidth Sync="TRUE">254</attwidth><atprecis Sync="TRUE">0</atprecis><attscale Sync="TRUE">0</attscale></attr><attr><attrlabl Sync="TRUE">taxmoistsc</attrlabl><attalias Sync="TRUE">taxmoistsc</attalias><attrtype Sync="TRUE">String</attrtype><attwidth Sync="TRUE">254</attwidth><atprecis Sync="TRUE">0</atprecis><attscale Sync="TRUE">0</attscale></attr><attr><attrlabl Sync="TRUE">taxtempreg</attrlabl><attalias Sync="TRUE">taxtempreg</attalias><attrtype Sync="TRUE">String</attrtype><attwidth Sync="TRUE">254</attwidth><atprecis Sync="TRUE">0</atprecis><attscale Sync="TRUE">0</attscale></attr><attr><attrlabl Sync="TRUE">soiltaxedi</attrlabl><attalias Sync="TRUE">soiltaxedi</attalias><attrtype Sync="TRUE">String</attrtype><attwidth Sync="TRUE">254</attwidth><atprecis Sync="TRUE">0</atprecis><attscale Sync="TRUE">0</attscale></attr><attr><attrlabl Sync="TRUE">MapSymbolo</attrlabl><attalias Sync="TRUE">MapSymbolo</attalias><attrtype Sync="TRUE">SmallInteger</attrtype><attwidth Sync="TRUE">4</attwidth><atprecis Sync="TRUE">4</atprecis><attscale Sync="TRUE">0</attscale></attr><attr><attrlabl Sync="TRUE">Shape_Leng</attrlabl><attalias Sync="TRUE">Shape_Leng</attalias><attrtype Sync="TRUE">Double</attrtype><attwidth Sync="TRUE">19</attwidth><atprecis Sync="TRUE">0</atprecis><attscale Sync="TRUE">0</attscale></attr><attr><attrlabl Sync="TRUE">Shape_Area</attrlabl><attalias Sync="TRUE">Shape_Area</attalias><attrtype Sync="TRUE">Double</attrtype><attwidth Sync="TRUE">19</attwidth><atprecis Sync="TRUE">0</atprecis><attscale Sync="TRUE">0</attscale><attrdef Sync="TRUE">Area of feature in internal units squared.</attrdef><attrdefs Sync="TRUE">Esri</attrdefs><attrdomv><udom Sync="TRUE">Positive real numbers that are automatically generated.</udom></attrdomv></attr></detailed></eainfo><mdDateSt Sync="TRUE">20150728</mdDateSt></metadata>
