<PAMDataset>
  <SRS>PROJCS[&quot;FDEP_Albers_HARN&quot;,GEOGCS[&quot;GCS_North_American_1983_HARN&quot;,DATUM[&quot;D_North_American_1983_HARN&quot;,SPHEROID[&quot;GRS_1980&quot;,6378137.0,298.257222101]],PRIMEM[&quot;Greenwich&quot;,0.0],UNIT[&quot;Degree&quot;,0.0174532925199433]],PROJECTION[&quot;Albers&quot;],PARAMETER[&quot;False_Easting&quot;,400000.0],PARAMETER[&quot;False_Northing&quot;,0.0],PARAMETER[&quot;Central_Meridian&quot;,-84.0],PARAMETER[&quot;Standard_Parallel_1&quot;,24.0],PARAMETER[&quot;Standard_Parallel_2&quot;,31.5],PARAMETER[&quot;Latitude_Of_Origin&quot;,24.0],UNIT[&quot;Meter&quot;,1.0]]</SRS>
  <Metadata>
    <MDI key="DataType">Generic</MDI>
  </Metadata>
  <Metadata domain="Esri">
    <MDI key="PyramidResamplingType">NEAREST</MDI>
  </Metadata>
  <PAMRasterBand band="1">
    <NoDataValue le_hex_equiv="000000A0FFFFEFC7">-3.40282306073710E+038</NoDataValue>
  </PAMRasterBand>
</PAMDataset>
