<?xml version="1.0" encoding="UTF-8"?>
<metadata xml:lang="en"><Esri><CreaDate>20150806</CreaDate><CreaTime>10532900</CreaTime><ArcGISFormat>1.0</ArcGISFormat><SyncOnce>TRUE</SyncOnce><DataProperties><itemProps><itemLocation><linkage Sync="TRUE">file://\\WRM-DSH8S32-L\C$\Users\Humphreys_J\Desktop\Patch_lab\RAW_DATA\Bounds\WetlandData\WetlandData\Domains\DomainNW2\Domain100</linkage><protocol Sync="TRUE">Local Area Network</protocol></itemLocation></itemProps><copyHistory><copy source="C:\Users\Humphreys_J\Desktop\Patch_lab\RAW_DATA\Bounds\WetlandData\WetlandData\Domains\Domain100\Domain100" dest="\\WRM-DSH8S32-L\C$\Users\Humphreys_J\Desktop\Patch_lab\RAW_DATA\Bounds\WetlandData\WetlandData\Domains\DomainNW2\Domain100" date="20150806" time="10532900"></copy></copyHistory></DataProperties></Esri></metadata>
