<?xml version="1.0" encoding="UTF-8"?>
<metadata xml:lang="en"><Esri><CreaDate>20150707</CreaDate><CreaTime>11012400</CreaTime><ArcGISFormat>1.0</ArcGISFormat><SyncOnce>FALSE</SyncOnce><DataProperties><itemProps><itemName Sync="TRUE">DEM_NWF</itemName><itemLocation><linkage Sync="TRUE">file://C:\Users\Humphreys_J\Desktop\Patch_lab\RAW_DATA\Bounds\WetlandData\WetlandData\DEM_NWF\DEM_NWF</linkage><protocol Sync="TRUE">Local Area Network</protocol></itemLocation><imsContentType Sync="TRUE">002</imsContentType><nativeExtBox><westBL Sync="TRUE">362040.383601</westBL><eastBL Sync="TRUE">386595.383601</eastBL><southBL Sync="TRUE">677318.286363</southBL><northBL Sync="TRUE">702008.286363</northBL><exTypeCode Sync="TRUE">1</exTypeCode></nativeExtBox></itemProps><coordRef><type Sync="TRUE">Projected</type><geogcsn Sync="TRUE">GCS_North_American_1983_HARN</geogcsn><csUnits Sync="TRUE">Linear Unit: Meter (1.000000)</csUnits><projcsn Sync="TRUE">FDEP_Albers_HARN</projcsn><peXml Sync="TRUE">&lt;ProjectedCoordinateSystem xsi:type='typens:ProjectedCoordinateSystem' xmlns:xsi='http://www.w3.org/2001/XMLSchema-instance' xmlns:xs='http://www.w3.org/2001/XMLSchema' xmlns:typens='http://www.esri.com/schemas/ArcGIS/10.1'&gt;&lt;WKT&gt;PROJCS[&amp;quot;FDEP_Albers_HARN&amp;quot;,GEOGCS[&amp;quot;GCS_North_American_1983_HARN&amp;quot;,DATUM[&amp;quot;D_North_American_1983_HARN&amp;quot;,SPHEROID[&amp;quot;GRS_1980&amp;quot;,6378137.0,298.257222101]],PRIMEM[&amp;quot;Greenwich&amp;quot;,0.0],UNIT[&amp;quot;Degree&amp;quot;,0.0174532925199433]],PROJECTION[&amp;quot;Albers&amp;quot;],PARAMETER[&amp;quot;False_Easting&amp;quot;,400000.0],PARAMETER[&amp;quot;False_Northing&amp;quot;,0.0],PARAMETER[&amp;quot;Central_Meridian&amp;quot;,-84.0],PARAMETER[&amp;quot;Standard_Parallel_1&amp;quot;,24.0],PARAMETER[&amp;quot;Standard_Parallel_2&amp;quot;,31.5],PARAMETER[&amp;quot;Latitude_Of_Origin&amp;quot;,24.0],UNIT[&amp;quot;Meter&amp;quot;,1.0]]&lt;/WKT&gt;&lt;XOrigin&gt;-19550100&lt;/XOrigin&gt;&lt;YOrigin&gt;-7526400&lt;/YOrigin&gt;&lt;XYScale&gt;225743210.67916927&lt;/XYScale&gt;&lt;ZOrigin&gt;-100000&lt;/ZOrigin&gt;&lt;ZScale&gt;10000&lt;/ZScale&gt;&lt;MOrigin&gt;-100000&lt;/MOrigin&gt;&lt;MScale&gt;10000&lt;/MScale&gt;&lt;XYTolerance&gt;0.001&lt;/XYTolerance&gt;&lt;ZTolerance&gt;0.001&lt;/ZTolerance&gt;&lt;MTolerance&gt;0.001&lt;/MTolerance&gt;&lt;HighPrecision&gt;true&lt;/HighPrecision&gt;&lt;/ProjectedCoordinateSystem&gt;</peXml></coordRef><RasterProperties><General><PixelDepth Sync="TRUE">32</PixelDepth><HasColormap Sync="TRUE">FALSE</HasColormap><CompressionType Sync="TRUE">None</CompressionType><NumBands Sync="TRUE">1</NumBands><Format Sync="TRUE">GRID</Format><HasPyramids Sync="TRUE">TRUE</HasPyramids><SourceType Sync="TRUE">continuous</SourceType><PixelType Sync="TRUE">floating point</PixelType><NoDataValue Sync="TRUE">-3.4028231e+038</NoDataValue></General></RasterProperties></DataProperties><SyncDate>20150728</SyncDate><SyncTime>15365000</SyncTime><ModDate>20150728</ModDate><ModTime>15365000</ModTime></Esri><dataIdInfo><envirDesc Sync="TRUE"> Version 6.2 (Build 9200) ; Esri ArcGIS 10.2.2.3552</envirDesc><dataLang><languageCode value="eng" Sync="TRUE"></languageCode><countryCode value="USA" Sync="TRUE"></countryCode></dataLang><idCitation><resTitle Sync="TRUE">DEM_NWF</resTitle><presForm><PresFormCd value="005" Sync="TRUE"></PresFormCd></presForm></idCitation><spatRpType><SpatRepTypCd value="002" Sync="TRUE"></SpatRepTypCd></spatRpType><dataExt><geoEle><GeoBndBox esriExtentType="search"><exTypeCode Sync="TRUE">1</exTypeCode><westBL Sync="TRUE">-84.395169</westBL><eastBL Sync="TRUE">-84.139255</eastBL><northBL Sync="TRUE">30.325411</northBL><southBL Sync="TRUE">30.102488</southBL></GeoBndBox></geoEle></dataExt></dataIdInfo><mdLang><languageCode value="eng" Sync="TRUE"></languageCode><countryCode value="USA" Sync="TRUE"></countryCode></mdLang><mdChar><CharSetCd value="004" Sync="TRUE"></CharSetCd></mdChar><distInfo><distFormat><formatName Sync="TRUE">Raster Dataset</formatName></distFormat></distInfo><mdHrLv><ScopeCd value="005" Sync="TRUE"></ScopeCd></mdHrLv><mdHrLvName Sync="TRUE">dataset</mdHrLvName><refSysInfo><RefSystem><refSysID><identCode code="0" Sync="TRUE"></identCode></refSysID></RefSystem></refSysInfo><spatRepInfo><Georect><cellGeo><CellGeoCd Sync="TRUE" value="002"></CellGeoCd></cellGeo><numDims Sync="TRUE">2</numDims><tranParaAv Sync="TRUE">1</tranParaAv><chkPtAv Sync="TRUE">0</chkPtAv><cornerPts><pos Sync="TRUE">362040.383601 677318.286363</pos></cornerPts><cornerPts><pos Sync="TRUE">362040.383601 702008.286363</pos></cornerPts><cornerPts><pos Sync="TRUE">386595.383601 702008.286363</pos></cornerPts><cornerPts><pos Sync="TRUE">386595.383601 677318.286363</pos></cornerPts><centerPt><pos Sync="TRUE">374317.883601 689663.286363</pos></centerPt><axisDimension type="002"><dimSize Sync="TRUE">1637</dimSize><dimResol><value Sync="TRUE" uom="Meter">15.000000</value></dimResol></axisDimension><axisDimension type="001"><dimSize Sync="TRUE">1646</dimSize><dimResol><value Sync="TRUE" uom="Meter">15.000000</value></dimResol></axisDimension><ptInPixel><PixOrientCd Sync="TRUE" value="001"></PixOrientCd></ptInPixel></Georect></spatRepInfo><contInfo><ImgDesc><contentTyp><ContentTypCd Sync="TRUE" value="003"></ContentTypCd></contentTyp><covDim><Band><dimDescrp Sync="TRUE">Band_1</dimDescrp><maxVal Sync="TRUE">27.493511</maxVal><minVal Sync="TRUE">-0.306848</minVal><bitsPerVal Sync="TRUE">32</bitsPerVal><valUnit><UOM type="length"></UOM></valUnit></Band></covDim></ImgDesc></contInfo><mdDateSt Sync="TRUE">20150728</mdDateSt></metadata>
