<?xml version="1.0" encoding="UTF-8"?>
<metadata xml:lang="en"><Esri><CreaDate>20150728</CreaDate><CreaTime>16154900</CreaTime><ArcGISFormat>1.0</ArcGISFormat><SyncOnce>TRUE</SyncOnce><DataProperties><itemProps><itemLocation><linkage Sync="TRUE">file://\\WRM-CRXGJQ1\C$\Users\Humphreys_J\Desktop\Patch_lab\R_Soils\Raster_Out\Study2\Focus\F2\Focus_2</linkage><protocol Sync="TRUE">Local Area Network</protocol></itemLocation></itemProps><copyHistory><copy source="C:\Users\Humphreys_J\Desktop\Patch_lab\R_Soils\Raster_Out\Study2\Focus\Focus_2" dest="\\WRM-CRXGJQ1\C$\Users\Humphreys_J\Desktop\Patch_lab\R_Soils\Raster_Out\Study2\Focus\F2\Focus_2" date="20150706" time="16444200"></copy></copyHistory></DataProperties></Esri></metadata>
