<?xml version="1.0" encoding="UTF-8"?>
<metadata xml:lang="en"><Esri><CreaDate>20150728</CreaDate><CreaTime>16084500</CreaTime><ArcGISFormat>1.0</ArcGISFormat><SyncOnce>TRUE</SyncOnce><DataProperties><itemProps><itemLocation><linkage Sync="TRUE">file://\\WRM-DSH8S32-L\C$\Users\Humphreys_J\Desktop\Patch_lab\RAW_DATA\Bounds\B300\B200</linkage><protocol Sync="TRUE">Local Area Network</protocol></itemLocation></itemProps><copyHistory><copy source="C:\Users\Humphreys_J\Desktop\Patch_lab\RAW_DATA\Bounds\B200\B200" dest="\\WRM-DSH8S32-L\C$\Users\Humphreys_J\Desktop\Patch_lab\RAW_DATA\Bounds\B300\B200" date="20150728" time="14275700"></copy></copyHistory></DataProperties></Esri></metadata>
