<?xml version="1.0" encoding="UTF-8"?>
<metadata xml:lang="en"><Esri><CreaDate>20150728</CreaDate><CreaTime>16092000</CreaTime><ArcGISFormat>1.0</ArcGISFormat><SyncOnce>TRUE</SyncOnce><DataProperties><itemProps><itemLocation><linkage Sync="TRUE">file://\\WRM-DSH8S32-L\C$\Users\Humphreys_J\Desktop\Patch_lab\RAW_DATA\Bounds\B200\B100</linkage><protocol Sync="TRUE">Local Area Network</protocol></itemLocation></itemProps><copyHistory><copy source="C:\Users\Humphreys_J\Desktop\Patch_lab\RAW_DATA\Bounds\B100\B100" dest="\\WRM-DSH8S32-L\C$\Users\Humphreys_J\Desktop\Patch_lab\RAW_DATA\Bounds\B200\B100" date="20150728" time="14073200"></copy></copyHistory></DataProperties></Esri></metadata>
